date,open,close,high,low,volume,code,ret_0_1_d,ret_0_5_d,ret_0_21_d,ret_0_62_d,ret_0_123_d,ret_0_246_d,ma5,ma21,ma62,ma123,ma246
2015-02-17,5.535,5.535,5.535,5.535,820.0,603618,,,,,,,,,,,
2015-02-25,6.09,6.09,6.09,6.09,236.0,603618,0.10027,,,,,,,,,,
2015-02-26,6.7,6.7,6.7,6.7,287.0,603618,0.10016,,,,,,6.10833,,,,
2015-02-27,7.369,7.369,7.369,7.369,2344.0,603618,0.09985,,,,,,6.4235,,,,
2015-03-02,8.105,8.105,8.105,8.105,5313.0,603618,0.09988,,,,,,6.7598,,,,
2015-03-03,8.917,8.917,8.917,8.352,328487.0,603618,0.10019,0.61102,,,,,7.4362,,,,
2015-03-04,8.346,8.488,8.636000000000001,8.026,227090.0,603618,-0.04811,0.39376,,,,,7.9158,,,,
2015-03-05,8.25,8.125,8.412,8.092,131638.0,603618,-0.04277,0.21269,,,,,8.2008,,,,
2015-03-06,8.118,8.003,8.537,7.986000000000001,107293.0,603618,-0.01502,0.08604,,,,,8.3276,,,,
2015-03-09,7.547999999999999,7.482,7.739,7.3629999999999995,94203.0,603618,-0.0651,-0.07687,,,,,8.203,,,,
2015-03-10,7.4910000000000005,7.564,7.577000000000001,7.396,59002.0,603618,0.01096,-0.15173,,,,,7.9324,7.48891,,,
2015-03-11,7.557,7.353,7.557,7.3,72000.0,603618,-0.0279,-0.13372,,,,,7.7054,7.47758,,,
2015-03-12,7.356,7.185,7.399,7.129,62438.0,603618,-0.02285,-0.11569,,,,,7.5174,7.45508,,,
2015-03-13,7.224,7.3629999999999995,7.419,7.181,53123.0,603618,0.02477,-0.07997,,,,,7.3894,7.4485,,,
2015-03-16,7.393,7.607,7.782,7.393,73089.0,603618,0.03314,0.01671,,,,,7.4144,7.45907,,,
2015-03-17,7.577000000000001,7.6,7.627000000000001,7.524,57634.0,603618,-0.00092,0.00476,,,,,7.4216,7.46787,,,
2015-03-18,7.597,7.662999999999999,7.712999999999999,7.521,61336.0,603618,0.00829,0.04216,,,,,7.4836,7.47935,,,
2015-03-19,7.686,7.772,7.874,7.597,74612.0,603618,0.01422,0.0817,,,,,7.601,7.49561,,,
2015-03-20,7.752000000000001,7.686,7.787999999999999,7.64,58486.0,603618,-0.01107,0.04387,,,,,7.6656,7.50563,,,
2015-03-23,7.712999999999999,7.729,7.742000000000001,7.647,56129.0,603618,0.00559,0.01604,,,,,7.69,7.5168,,,
2015-03-24,7.736000000000001,7.726,7.851,7.587000000000001,69750.0,603618,-0.00039,0.01658,,,,,7.7152,7.52676,,,
2015-03-25,7.752000000000001,7.986000000000001,8.049,7.732,99472.0,603618,0.03365,0.04215,0.44282,,,,7.7798,7.64348,,,
2015-03-26,7.917000000000001,7.7620000000000005,7.917000000000001,7.696000000000001,65742.0,603618,-0.02805,-0.00129,0.27455,,,,7.7778,7.7231,,,
2015-03-27,7.7620000000000005,7.729,7.825,7.653,42657.25,603618,-0.00425,0.00559,0.15358,,,,7.7864,7.7721,,,
2015-03-30,7.739,7.815,7.837999999999999,7.716,51388.0,603618,0.01113,0.01113,0.06052,,,,7.8036,7.79333,,,
2015-03-31,7.825,7.782,7.841,7.696000000000001,51899.0,603618,-0.00422,0.00725,-0.03985,,,,7.8148,7.77795,,,
2015-04-01,7.769,7.897,7.962999999999999,7.739,65578.0,603618,0.01478,-0.01114,-0.11439,,,,7.797,7.72938,,,
2015-04-02,7.901,8.062000000000001,8.068999999999999,7.851,77699.0,603618,0.02089,0.03865,-0.05019,,,,7.857,7.7091,,,
2015-04-03,7.983,8.105,8.131,7.9270000000000005,82050.0,603618,0.00533,0.04865,-0.00246,,,,7.9322,7.70814,,,
2015-04-07,8.135,8.917,8.917,8.115,200847.0,603618,0.10019,0.14101,0.11421,,,,8.1526,7.75167,,,
2015-04-08,9.039,9.616,9.797,8.587,248985.0,603618,0.07839,0.23567,0.28522,,,,8.5194,7.85329,7.73332,,
2015-04-09,9.398,9.118,9.454,8.923,146980.0,603618,-0.05179,0.15462,0.20545,,,,8.7636,7.92729,7.77659,,
2015-04-10,9.035,9.134,9.401,8.936,96976.0,603618,0.00175,0.13297,0.24221,,,,8.978,8.0121,7.81773,,
2015-04-13,9.081,9.171,9.335,8.923,92136.0,603618,0.00405,0.13152,0.27641,,,,9.1912,8.10667,7.85753,,
2015-04-14,9.101,9.019,9.299,8.966000000000001,83537.0,603618,-0.01657,0.01144,0.22491,,,,9.2116,8.18552,7.89071,,
2015-04-15,8.94,8.369,8.94,8.352,81357.0,603618,-0.07207,-0.12968,0.10017,,,,8.9622,8.22181,7.904,,
2015-04-16,8.362,8.636000000000001,8.702,8.187999999999999,59907.0,603618,0.0319,-0.05286,0.13632,,,,8.8658,8.27114,7.92378,,
2015-04-17,8.702,8.597000000000001,8.735,8.577,64007.0,603618,-0.00452,-0.05879,0.12188,,,,8.7584,8.31562,7.9415,,
2015-04-20,8.63,8.267000000000001,8.63,8.247,60885.0,603618,-0.03839,-0.09857,0.06369,,,,8.5776,8.33919,7.94985,,
2015-04-21,8.254,8.514,8.57,8.247,52567.0,603618,0.02988,-0.05599,0.10773,,,,8.4766,8.37862,7.96395,,
2015-04-22,8.537,8.715,8.771,8.537,58520.0,603618,0.02361,0.04134,0.12757,,,,8.5458,8.42557,7.98227,,
2015-04-23,8.801,8.663,8.824,8.583,53112.0,603618,-0.00597,0.00313,0.12128,,,,8.5512,8.47019,7.99848,,
2015-04-24,8.511000000000001,9.138,9.256,8.478,114972.0,603618,0.05483,0.06293,0.14425,,,,8.6594,8.52505,8.02498,,
2015-04-27,9.171,9.006,9.197000000000001,8.923,76228.0,603618,-0.01445,0.08939,0.16027,,,,8.8072,8.58429,8.04727,,
2015-04-28,9.068999999999999,8.537,9.068999999999999,8.49,60206.0,603618,-0.05208,0.0027,0.10454,,,,8.8118,8.62276,8.05816,,
2015-04-29,8.67,9.005,9.138,8.642999999999999,88369.0,603618,0.05482,0.03328,0.15227,,,,8.8698,8.67943,8.07874,,
2015-04-30,9.155,9.347999999999999,9.906,9.155,145206.0,603618,0.03809,0.07907,0.20123,,,,9.0068,8.754,8.10574,,
2015-05-04,9.587,9.826,9.969,9.304,124685.0,603618,0.05113,0.07529,0.24427,,,,9.1444,8.84586,8.14158,,
2015-05-05,9.637,9.338,9.853,9.298,76770.0,603618,-0.04966,0.03686,0.15827,,,,9.2108,8.90662,8.166,,
2015-05-06,9.467,9.76,10.129,9.397,112794.0,603618,0.04519,0.14326,0.20419,,,,9.4554,8.98543,8.19788,,
2015-05-07,9.637,9.341000000000001,9.773,9.228,62062.0,603618,-0.04293,0.03731,0.04755,,,,9.5226,9.00562,8.22029,,
2015-05-08,9.371,9.892999999999999,9.899,9.354,74922.0,603618,0.05909,0.0583,0.02881,,,,9.6316,9.01881,8.25246,,
2015-05-11,10.032,10.527000000000001,10.64,9.736,110381.0,603618,0.06409,0.07134,0.15453,,,,9.7718,9.0859,8.29538,,
2015-05-12,10.574000000000002,10.474,11.095999999999998,10.394,124946.0,603618,-0.00503,0.12165,0.1467,,,,9.999,9.14971,8.33572,,
2015-05-13,10.265,11.520999999999999,11.520999999999999,10.155,130667.0,603618,0.09996,0.18043,0.25624,,,,10.3512,9.26162,8.39364,,
2015-05-14,11.581,11.956,12.620999999999999,11.581,121521.0,603618,0.03776,0.27995,0.32565,,,,10.8742,9.40148,8.45725,,
2015-05-15,11.763,12.215,12.597999999999999,11.468,99439.0,603618,0.02166,0.23471,0.45955,,,,11.3386,9.58462,8.52318,,
2015-05-18,11.966,13.089,13.285,11.895999999999999,95986.0,603618,0.07155,0.24337,0.51563,,,,11.851,9.79667,8.6019,,
2015-05-19,12.794,12.995999999999999,13.734000000000002,12.460999999999999,97002.0,603618,-0.00711,0.24079,0.51169,,,,12.3554,10.00614,8.67637,,
2015-05-20,12.892999999999999,12.647,13.525,12.561,98945.0,603618,-0.02685,0.09773,0.52982,,,,12.5806,10.21471,8.74255,,
2015-05-21,12.578,12.470999999999998,12.597999999999999,12.099,93547.0,603618,-0.01392,0.04307,0.46476,,,,12.6836,10.40314,8.80367,,
2015-05-22,12.634,13.212,13.342,12.495,103382.0,603618,0.05942,0.08162,0.51601,,,,12.883,10.61729,8.87477,8.87477,
2015-05-25,13.159,13.505,13.943,12.630999999999998,105573.0,603618,0.02218,0.03178,0.55893,1.43993,,,12.9662,10.84786,9.00332,8.94827,
2015-05-26,13.375,14.854000000000001,14.854000000000001,13.109000000000002,117725.0,603618,0.09989,0.14297,0.62552,1.43908,,,13.3378,11.12005,9.14468,9.04055,
2015-05-27,14.954,16.339000000000002,16.339000000000002,14.522,128271.0,603618,0.09997,0.29193,0.81423,1.43866,,,14.0762,11.46924,9.30015,9.15283,
2015-05-28,17.273,14.894,17.974,14.704,179432.0,603618,-0.08844,0.19429,0.74464,1.02117,,,14.5608,11.77195,9.42152,9.23982,
2015-05-29,14.620999999999999,15.335999999999999,16.206,13.452,160750.0,603618,0.02968,0.16076,0.70305,0.89217,,,14.9856,12.07343,9.53815,9.33081,
2015-06-01,15.352,15.057,15.452,14.687999999999999,115172.0,603618,-0.01819,0.11492,0.61072,0.68857,,,15.296,12.34529,9.63718,9.41501,
2015-06-02,14.987,14.548,15.037,14.05,105610.0,603618,-0.0338,-0.0206,0.48056,0.71395,,,15.2348,12.57014,9.73492,9.48941,
2015-06-03,14.522,15.279000000000002,15.850999999999999,14.213,94438.0,603618,0.05025,-0.06488,0.63622,0.88049,,,15.0228,12.85305,9.85031,9.57211,
2015-06-24,13.751,14.206,15.279000000000002,13.751,116820.0,603618,-0.07023,-0.04619,0.45553,0.77508,,,14.8852,13.06476,9.95035,9.63738,
2015-06-25,13.628,12.787,14.116,12.787,85732.0,603618,-0.09989,-0.16621,0.36891,0.70904,,,14.3754,13.22886,10.03592,9.68113,
2015-06-26,12.112,11.508,12.112,11.508,44853.0,603618,-0.10002,-0.2357,0.16325,0.52142,,,13.6656,13.30576,10.09953,9.70615,
2015-06-29,11.498,10.357999999999999,11.498,10.357999999999999,48543.0,603618,-0.09993,-0.28801,-0.01605,0.40868,,,12.8276,13.29771,10.148,9.71496,
2015-06-30,9.374,10.614,10.8,9.321,87028.0,603618,0.02472,-0.30532,0.01337,0.47724,,,11.8946,13.30438,10.20331,9.72695,
2015-07-01,10.300999999999998,9.58,11.192,9.554,86612.0,603618,-0.09742,-0.32564,-0.16847,0.3011,,,10.9694,13.21195,10.23906,9.72501,
2015-07-02,9.637,8.623,9.932,8.623,76984.0,603618,-0.0999,-0.32564,-0.27877,0.13356,,,10.1366,13.05324,10.25545,9.7107,
2015-07-03,7.975,7.763,8.886000000000001,7.763,77560.0,603618,-0.09973,-0.32543,-0.36447,0.02145,,,9.3876,12.84124,10.25808,9.68573,
2015-07-06,8.54,7.5729999999999995,8.54,7.111000000000001,96332.0,603618,-0.02448,-0.26887,-0.42142,-0.01174,,,8.8306,12.57857,10.25663,9.65899,
2015-07-07,7.1739999999999995,6.816,7.5,6.816,56625.0,603618,-0.09996,-0.35783,-0.47553,-0.12301,,,8.071,12.28429,10.24121,9.62345,
2015-07-08,6.1339999999999995,6.1339999999999995,6.48,6.1339999999999995,56579.0,603618,-0.10006,-0.35971,-0.51498,-0.20193,,,7.3818,11.97414,10.21618,9.58037,
2015-07-14,6.749,6.749,6.749,6.749,194.0,603618,0.10026,-0.21733,-0.45882,-0.1268,,,7.007,11.70167,10.20037,9.54584,
2015-07-15,7.4239999999999995,7.4239999999999995,7.4239999999999995,7.4239999999999995,11186.0,603618,0.10001,-0.04367,-0.43809,-0.03909,,,6.9392,11.42605,10.1955,9.52028,
2015-07-16,6.845,8.165,8.165,6.709,189684.0,603618,0.09981,0.07817,-0.39541,0.02241,,,7.0576,11.17176,10.19839,9.50414,
2015-07-17,8.318,8.982000000000001,8.982000000000001,8.314,130918.0,603618,0.10006,0.31778,-0.39531,0.15718,,,7.4908,10.89214,10.21806,9.498,
2015-07-20,9.301,9.873,9.879,9.039,142516.0,603618,0.0992,0.60955,-0.39574,0.2774,,,8.2386,10.58424,10.25265,9.50236,
2015-07-21,9.497,9.763,10.374,9.371,121386.0,603618,-0.01114,0.44658,-0.3445,0.24926,,,8.8414,10.3399,10.28406,9.50536,
2015-07-22,9.732999999999999,10.022,10.235,9.487,102403.0,603618,0.02653,0.34995,-0.3465,0.28784,,,9.361,10.08686,10.32019,9.51123,
2015-07-23,9.597000000000001,10.370999999999999,10.787,9.464,167759.0,603618,0.03482,0.27018,-0.31122,0.31328,,,9.8022,9.86371,10.3601,9.52089,
2015-07-24,10.135,9.926,10.464,9.802999999999999,122395.0,603618,-0.04291,0.1051,-0.31771,0.23121,,,9.991,9.64362,10.39016,9.52539,
2015-07-27,9.471,8.932,9.979,8.932,85839.0,603618,-0.10014,-0.09531,-0.41541,0.10204,,,9.8028,9.34138,10.4035,9.51887,
2015-07-28,8.298,8.107999999999999,8.939,8.038,99908.0,603618,-0.09225,-0.16952,-0.42926,-0.09073,,,9.4718,9.051,10.39045,9.50353,
2015-07-29,8.401,8.919,8.919,8.118,80406.0,603618,0.10002,-0.11006,-0.30249,-0.07248,,,9.2512,8.86681,10.37921,9.49725,
2015-07-30,9.032,9.205,9.623,8.919,106356.0,603618,0.03207,-0.11243,-0.20012,0.00954,,,9.018,8.75714,10.38061,9.49414,
2015-07-31,8.969,9.424,9.802999999999999,8.823,92015.0,603618,0.02379,-0.05057,-0.09017,0.03175,,,8.9176,8.71267,10.38529,9.4934,
2015-08-03,9.138,8.886000000000001,9.63,8.573,77491.0,603618,-0.05709,-0.00515,-0.1628,-0.03108,,,8.9084,8.63038,10.38069,9.48707,
2015-08-04,8.939,9.623,9.637,8.846,78698.0,603618,0.08294,0.18685,0.00449,0.06697,,,9.2114,8.63243,10.39044,9.48847,
2015-08-05,9.471,9.51,9.802999999999999,9.205,92586.0,603618,-0.01174,0.06626,0.10286,0.13634,,,9.3296,8.67467,10.40884,9.48869,
2015-08-06,9.172,9.148,9.434,8.988999999999999,52977.0,603618,-0.03807,-0.00619,0.17841,0.05929,,,9.3182,8.74062,10.4171,9.48525,
2015-08-07,9.235,9.434,9.471,9.231,64860.0,603618,0.03126,0.00106,0.24574,0.09736,,,9.3202,8.82924,10.4306,9.48474,
2015-08-10,9.57,9.886000000000001,10.036,9.304,90803.0,603618,0.04791,0.11254,0.45041,0.19584,,,9.5202,8.97543,10.45671,9.48871,
2015-08-11,9.869,9.849,10.052,9.776,84189.0,603618,-0.00374,0.02349,0.60564,0.1568,,,9.5654,9.15233,10.47824,9.49225,
2015-08-12,9.72,9.417,9.802999999999999,9.401,72938.0,603618,-0.04386,-0.00978,0.39532,0.08055,,,9.5468,9.27938,10.48956,9.49151,
2015-08-13,9.391,9.63,9.633,9.308,45994.0,603618,0.02262,0.05269,0.29714,0.11162,,,9.6432,9.38443,10.50516,9.49285,
2015-08-14,9.66,10.019,10.228,9.652999999999999,96172.0,603618,0.04039,0.06201,0.22707,0.09641,,,9.7602,9.47271,10.51937,9.49786,
2015-08-17,9.969,9.776,9.969,9.564,67054.0,603618,-0.02425,-0.01113,0.0884,0.0855,,,9.7382,9.51052,10.53179,9.50048,
2015-08-18,9.74,8.799,10.092,8.799,74966.0,603618,-0.09994,-0.10661,-0.10878,0.03069,,,9.5282,9.45938,10.53602,9.49393,
2015-08-19,8.434,8.843,9.035,7.925,70943.0,603618,0.005,-0.06095,-0.09423,-0.01799,,,9.4134,9.41557,10.5334,9.4879,
2015-08-20,8.74,8.211,8.74,8.191,46711.0,603618,-0.07147,-0.14735,-0.1807,-0.12163,,,9.1296,9.32933,10.51506,9.47618,
2015-08-21,8.042,7.7829999999999995,8.374,7.718999999999999,42340.0,603618,-0.05213,-0.22318,-0.24954,-0.20792,,,8.6824,9.2061,10.48211,9.46079,
2015-08-24,7.321000000000001,7.005,7.567,7.005,30808.0,603618,-0.09996,-0.28345,-0.29428,-0.24984,,,8.1282,9.067,10.44448,9.43867,
2015-08-25,6.307,6.303999999999999,6.706,6.303999999999999,44001.0,603618,-0.10007,-0.28355,-0.29422,-0.3541,,,7.6292,8.94186,10.38874,9.41068,
2015-08-26,6.48,6.546,6.888999999999999,6.154,76550.0,603618,0.03839,-0.25975,-0.19265,-0.29922,,,7.1698,8.86748,10.34366,9.38533,
2015-08-27,6.7620000000000005,6.982,7.041,6.513,57334.0,603618,0.06661,-0.14968,-0.21718,-0.29425,,,6.924,8.77524,10.29671,9.36425,
2015-08-28,7.041,7.43,7.502999999999999,6.812,72978.0,603618,0.06416,-0.04536,-0.19283,-0.2942,,,6.8534,8.69071,10.24676,9.34743,
2015-08-31,7.244,6.689,7.277,6.686,46015.0,603618,-0.09973,-0.04511,-0.29022,-0.36137,,,6.7902,8.56048,10.18571,9.32451,
2015-09-01,6.452999999999999,6.204,6.566,6.148,47247.0,603618,-0.07251,-0.01586,-0.30182,-0.46151,,,6.7702,8.43276,10.09995,9.29784,
2015-09-02,5.815,5.971,6.513,5.652,35999.0,603618,-0.03756,-0.08784,-0.37951,-0.50059,,,6.6552,8.25886,10.00342,9.26964,
2015-09-07,6.191,6.224,6.43,6.071000000000001,30215.0,603618,0.04237,-0.10856,-0.34553,-0.49046,,,6.5036,8.10238,9.90679,9.24405,
2015-09-08,6.224,6.726,6.812,6.087999999999999,37969.0,603618,0.08066,-0.09475,-0.26476,-0.48613,,,6.3628,7.98705,9.80416,9.22307,
2015-09-09,6.706,6.975,7.045,6.706,52942.0,603618,0.03702,0.04276,-0.26065,-0.4633,,,6.42,7.86995,9.70705,9.20449,
2015-09-10,6.845,6.8420000000000005,7.271,6.716,51394.0,603618,-0.01907,0.10284,-0.30791,-0.459,,,6.5476,7.725,9.61342,9.18512,
2015-09-11,6.912000000000001,6.845,6.957999999999999,6.709,33697.0,603618,0.00044,0.14637,-0.30501,-0.45113,,,6.7224,7.58195,9.52268,9.1661,9.1661
2015-09-14,6.879,6.1610000000000005,6.945,6.1610000000000005,35522.0,603618,-0.09993,-0.01012,-0.34576,-0.53368,0.1131,,6.7098,7.4269,9.40895,9.17119,9.14186
2015-09-15,5.829,5.855,6.144,5.822,35884.0,603618,-0.04967,-0.1295,-0.392,-0.56646,-0.03859,,6.5356,7.24714,9.28556,9.16928,9.11557
2015-09-16,5.885,6.44,6.44,5.882000000000001,35218.0,603618,0.09991,-0.0767,-0.35722,-0.56645,-0.03881,,6.4286,7.07671,9.14985,9.16716,9.09433
2015-09-17,6.44,6.257000000000001,6.643,6.2170000000000005,48434.0,603618,-0.02842,-0.0855,-0.35996,-0.61705,-0.1509,,6.3116,6.90914,8.98724,9.15812,9.07199
2015-09-18,6.314,6.37,6.44,6.197,24958.0,603618,0.01806,-0.06939,-0.27605,-0.57231,-0.21407,,6.2166,6.79348,8.84976,9.14402,9.05088
2015-09-21,6.257000000000001,6.706,6.746,6.257000000000001,39053.0,603618,0.05275,0.08846,-0.24166,-0.56273,-0.24795,,6.3256,6.69171,8.71056,9.12604,9.03271
2015-09-22,6.716,6.829,6.932,6.638999999999999,45130.0,603618,0.01834,0.16635,-0.16831,-0.54646,-0.19545,,6.5204,6.6259,8.57785,9.11255,9.01575
2015-09-23,6.686,6.722,6.7989999999999995,6.606,34952.0,603618,-0.01567,0.04379,-0.13632,-0.53794,-0.17268,,6.5768,6.57538,8.45163,9.10115,8.99824
2015-09-24,6.729,6.885,6.945,6.729,29104.0,603618,0.02425,0.10037,-0.01713,-0.54938,-0.1397,,6.7024,6.56967,8.31624,9.09206,8.98223
2015-09-25,6.895,6.502999999999999,6.895,6.452999999999999,28195.0,603618,-0.05548,0.02088,0.03157,-0.54224,-0.13085,,6.729,6.57914,8.192,9.0841,8.96359
2015-09-28,6.546,6.718999999999999,6.752000000000001,6.447,16418.0,603618,0.03322,0.00194,0.02643,-0.47454,-0.11171,,6.7316,6.58738,8.09413,9.07723,8.94684
2015-09-29,6.603,6.526,6.636,6.487,14784.0,603618,-0.02872,-0.04437,-0.06531,-0.43292,-0.11247,,6.671,6.56567,8.01377,9.0705,8.92891
2015-09-30,6.563,6.742000000000001,6.812,6.546,21034.0,603618,0.0331,0.00298,-0.0926,-0.3491,-0.06166,,6.675,6.5329,7.95545,9.0669,8.91283
2015-10-08,7.018,7.058,7.144,6.885,41784.0,603618,0.04687,0.02513,0.05517,-0.33503,-0.04142,,6.7096,6.55048,7.8981,9.06442,8.89929
2015-10-09,7.061,7.115,7.135,6.9479999999999995,36017.0,603618,0.00808,0.09411,0.14684,-0.25731,-0.06468,,6.832,6.59386,7.85834,9.06042,8.88636
2015-10-12,7.1739999999999995,7.477,7.57,7.127999999999999,47459.0,603618,0.05088,0.11281,0.25222,-0.1329,-0.01618,,6.9836,6.66557,7.83985,9.05942,8.87622
2015-10-13,7.404,7.563,7.643,7.351,43357.0,603618,0.0115,0.1589,0.21513,-0.02576,-0.01305,,7.191,6.72933,7.83663,9.05861,8.86684
2015-10-14,7.542999999999999,7.5329999999999995,7.742999999999999,7.444,48716.0,603618,-0.00397,0.11732,0.11998,-0.00528,-0.03075,,7.3492,6.76776,7.83598,9.05667,8.85738
2015-10-15,7.51,7.763,7.8260000000000005,7.483,39061.0,603618,0.03053,0.09989,0.11297,0.13894,0.01002,,7.4902,6.80529,7.85126,9.05729,8.84968
2015-10-16,7.792000000000001,7.739,7.8260000000000005,7.502999999999999,41880.0,603618,-0.00309,0.0877,0.1311,0.26166,0.00129,,7.615,6.848,7.87715,9.05737,8.84191
2015-10-19,7.7589999999999995,7.54,7.769,7.454,38142.0,603618,-0.02571,0.00843,0.10153,0.1172,-0.02407,,7.6276,6.8811,7.8899,9.05586,8.83287
2015-10-20,7.483,7.709,7.726,7.48,34746.0,603618,0.02241,0.0193,0.25126,0.03839,-0.03469,,7.6568,6.95481,7.8945,9.05361,8.82512
2015-10-21,7.742999999999999,7.061,7.862,7.051,54800.0,603618,-0.08406,-0.06266,0.20598,-0.13521,-0.09031,,7.5624,7.01224,7.87669,9.04791,8.81303
2015-10-22,7.018,7.343999999999999,7.4,7.018,29318.0,603618,0.04008,-0.05397,0.14037,-0.18236,-0.04981,,7.4786,7.05529,7.85027,9.04478,8.80304
2015-10-23,7.377000000000001,7.593,7.6160000000000005,7.347,31405.0,603618,0.03391,-0.01887,0.21352,-0.23093,-0.02841,,7.4494,7.1189,7.8135,9.04298,8.79486
2015-10-26,7.68,7.776,7.905,7.68,46542.0,603618,0.0241,0.0313,0.22072,-0.20352,-0.00077,,7.4966,7.18586,7.78145,9.04293,8.78803
2015-10-27,7.7589999999999995,7.886,7.895,7.41,38901.0,603618,0.01415,0.02296,0.17596,-0.21313,-0.00139,,7.532,7.24205,7.747,9.04284,8.78201
2015-10-28,7.792000000000001,7.959,8.361,7.776,55071.0,603618,0.00926,0.12718,0.16547,-0.23257,-0.01278,,7.7116,7.29586,7.7081,9.042,8.77656
2015-10-29,8.068,8.341000000000001,8.524,7.876,60664.0,603618,0.048,0.13576,0.24085,-0.15968,0.02912,,7.911,7.37295,7.68253,9.04392,8.7737
2015-10-30,8.274,8.51,8.736,8.035,60813.0,603618,0.02026,0.12077,0.23602,-0.04725,-0.04564,,8.0944,7.45033,7.67573,9.04061,8.77197
2015-11-02,8.267999999999999,8.743,9.025,8.045,76281.0,603618,0.02738,0.12436,0.34446,0.07832,-0.09079,,8.2878,7.557,7.68597,9.03351,8.77179
2015-11-03,8.703,9.391,9.567,8.543,99535.0,603618,0.07412,0.19084,0.39768,0.05292,0.02994,,8.5888,7.68424,7.69358,9.03573,8.77578
2015-11-04,9.304,9.59,9.736,9.138,127258.0,603618,0.02119,0.20493,0.46951,0.04183,0.04992,,8.915,7.83014,7.69979,9.03944,8.781
2015-11-05,9.604,9.251,9.604,9.175,89969.0,603618,-0.03535,0.1091,0.37214,-0.01836,0.00872,,9.097,7.94962,7.697,9.04009,8.78399
2015-11-06,9.354,9.56,9.687000000000001,9.251,84867.0,603618,0.0334,0.12338,0.35449,0.07585,0.05998,,9.307,8.06876,7.70787,9.04449,8.78891
2015-11-09,9.388,9.703,9.962,9.205,96059.0,603618,0.01496,0.1098,0.36374,0.00831,0.1594,,9.499,8.192,7.70916,9.05533,8.79465
2015-11-10,9.554,9.501,9.776,9.371,59703.0,603618,-0.02082,0.01171,0.2707,-0.00095,0.10016,,9.521,8.28838,7.70902,9.06237,8.79907
2015-11-11,9.53,9.996,10.065,9.391,76478.0,603618,0.0521,0.04234,0.3217,0.0927,0.16273,,9.6022,8.40424,7.72269,9.07374,8.8065
2015-11-12,9.969,10.763,10.963,9.969,96503.0,603618,0.07673,0.16344,0.42878,0.14087,0.30192,,9.9046,8.55805,7.74413,9.09403,8.81858
2015-11-13,10.534,9.853,10.72,9.796,85305.0,603618,-0.08455,0.03065,0.26923,-0.00334,0.15727,,9.9632,8.65757,7.7436,9.10492,8.82493
2015-11-16,9.554,9.939,9.982000000000001,9.414,46004.0,603618,0.00873,0.02432,0.28427,0.00914,0.14045,,10.0104,8.76233,7.74505,9.11487,8.83172
2015-11-17,10.062000000000001,9.613,10.298,9.567,54986.0,603618,-0.0328,0.01179,0.27493,0.02081,0.10966,,10.0328,8.86105,7.74821,9.12259,8.83645
2015-11-18,9.54,9.347999999999999,9.73,9.314,33951.0,603618,-0.02757,-0.06483,0.21261,-0.02928,0.02298,,9.9032,8.9391,7.74366,9.1243,8.83954
2015-11-19,9.347999999999999,9.722999999999999,9.726,9.347999999999999,30868.0,603618,0.04012,-0.09663,0.377,-0.02954,0.07961,,9.6952,9.06586,7.73889,9.13013,8.84483
2015-11-20,9.77,10.029,10.135,9.77,46465.0,603618,0.03147,0.01786,0.3656,0.02588,0.17477,,9.7304,9.19371,7.74297,9.14226,8.85188
2015-11-23,9.982000000000001,10.006,10.360999999999999,9.923,43852.0,603618,-0.00229,0.00674,0.31779,0.13717,0.11116,,9.7438,9.30862,7.76244,9.1504,8.8587
2015-11-24,9.873,10.467,10.484000000000002,9.873,59240.0,603618,0.04607,0.08884,0.34606,0.18365,0.1197,,9.9146,9.43676,7.78863,9.1595,8.86816
2015-11-25,10.537,10.477,10.8,10.368,63861.0,603618,0.00096,0.12077,0.32856,0.27597,0.06625,,10.1404,9.56014,7.82518,9.16479,8.87757
2015-11-26,10.584000000000001,11.277999999999999,11.524000000000001,10.378,98976.0,603618,0.07645,0.15993,0.41701,0.44906,0.20775,,10.4514,9.71819,7.88155,9.18056,8.89153
2015-11-27,10.899000000000001,11.315,11.817,10.823,125176.0,603618,0.00328,0.12823,0.35655,0.61527,0.15932,,10.7086,9.85981,7.95106,9.1932,8.90554
2015-11-30,11.444,11.787,11.963,10.634,107536.0,603618,0.04171,0.17799,0.38508,0.86977,0.26186,,11.0648,10.01586,8.0395,9.21309,8.9221
2015-12-01,11.687000000000001,11.375,12.129000000000001,10.966,89189.0,603618,-0.03495,0.08675,0.30104,0.7377,0.1498,,11.2464,10.14119,8.11739,9.22514,8.93611
2015-12-09,11.265,10.450999999999999,11.265,10.390999999999998,62307.0,603618,-0.08123,-0.00248,0.11287,0.49685,-0.00722,,11.2412,10.19167,8.17334,9.22452,8.94472
2015-12-10,10.390999999999998,10.421,10.75,10.255,45123.0,603618,-0.00287,-0.07599,0.08665,0.40256,-0.00506,,11.0698,10.23124,8.22158,9.22409,8.95306
2015-12-11,10.300999999999998,10.364,10.624,10.238,26052.0,603618,-0.00547,-0.08405,0.12031,0.54941,-0.10043,,10.8796,10.28424,8.28085,9.21468,8.96099
2015-12-14,10.321,10.594000000000001,10.6,9.986,30490.0,603618,0.02219,-0.10121,0.10816,0.70761,-0.11392,,10.641,10.33348,8.35166,9.20361,8.97011
2015-12-15,10.614,10.717,10.886,10.597000000000001,29111.0,603618,0.01161,-0.05785,0.1045,0.79484,-0.12264,,10.5094,10.38176,8.42821,9.19143,8.97982
2015-12-16,10.783,10.953,11.175,10.677,37700.0,603618,0.02202,0.04803,0.15283,0.7598,-0.16319,,10.6098,10.4509,8.50448,9.17407,8.99072
2015-12-17,11.065999999999999,11.530999999999999,11.564,11.065999999999999,48361.0,603618,0.05277,0.10652,0.15356,0.71439,-0.11273,,10.8318,10.524,8.58198,9.16215,9.00468
2015-12-18,11.460999999999999,11.315,11.793,11.235,44505.0,603618,-0.01873,0.09176,0.05129,0.62222,-0.10532,,11.022,10.55029,8.65198,9.15133,9.0173
2015-12-21,11.232000000000001,11.328,11.481,11.132,29142.0,603618,0.00115,0.06928,0.1497,0.65566,-0.09165,,11.1688,10.62052,8.72434,9.14203,9.02986
2015-12-22,11.315,11.567,11.714,11.315,32069.0,603618,0.0211,0.07931,0.1638,0.68985,-0.12451,,11.3388,10.69805,8.8005,9.12866,9.04357
2015-12-23,12.724,12.129000000000001,12.724,12.073,116060.0,603618,0.04859,0.10737,0.26173,0.96867,-0.10189,,11.574,10.81786,8.89676,9.11747,9.06016
2015-12-25,11.763,11.727,12.029000000000002,11.667,67026.0,603618,-0.03314,0.017,0.25449,1.0029,-0.21052,,11.6132,10.93114,8.99147,9.09205,9.07442
2015-12-28,11.724,11.069,11.81,11.059000000000001,59659.0,603618,-0.05611,-0.02174,0.13843,0.71879,-0.32254,,11.564,10.99524,9.06613,9.0492,9.08503
2015-12-29,11.015999999999998,11.375,11.390999999999998,10.999,32065.0,603618,0.02764,0.00415,0.13421,0.81796,-0.23627,,11.5734,11.05933,9.14868,9.02059,9.09715
2015-12-30,11.390999999999998,11.308,11.454,11.165,27252.0,603618,-0.00589,-0.02239,0.13012,0.7752,-0.26265,,11.5216,11.12133,9.22832,8.98785,9.10878
2015-12-31,11.325,10.969000000000001,11.395,10.966,22656.0,603618,-0.02998,-0.09564,0.04796,0.6357,-0.2715,,11.2896,11.14524,9.29708,8.95461,9.11852
2016-01-04,10.915999999999999,9.873,10.959000000000001,9.873,33141.0,603618,-0.09992,-0.1581,-0.05765,0.44575,-0.32135,,10.9188,11.11648,9.34618,8.9166,9.12245
2016-01-05,9.338,9.57,9.959,9.022,36505.0,603618,-0.03069,-0.13542,-0.15145,0.42368,-0.37365,,10.619,11.03514,9.39211,8.87019,9.12477
2016-01-06,9.623,9.81,9.902999999999999,9.57,26301.0,603618,0.02508,-0.13758,-0.13301,0.42484,-0.30945,,10.306,10.96348,9.43929,8.83445,9.1283
2016-01-07,9.617,8.829,9.617,8.829,6862.0,603618,-0.1,-0.21923,-0.25095,0.35768,-0.30953,,9.8102,10.82262,9.47681,8.80227,9.12677
2016-01-08,9.059,8.879,9.421,8.308,30732.0,603618,0.00566,-0.19054,-0.21943,0.32148,-0.22845,,9.3922,10.70376,9.51165,8.78089,9.12551
2016-01-11,8.763,7.992000000000001,8.763,7.992000000000001,30266.0,603618,-0.0999,-0.19052,-0.23529,0.22464,-0.22842,,9.016,10.58667,9.53529,8.76166,9.11975
2016-01-12,8.042,8.002,8.151,7.836,21902.0,603618,0.00125,-0.16385,-0.23213,0.18689,-0.24609,,8.7024,10.47148,9.55561,8.74042,9.11411
2016-01-13,8.075,7.856,8.234,7.8420000000000005,24423.0,603618,-0.01825,-0.19918,-0.24199,0.11306,-0.17996,,8.3116,10.35205,9.56848,8.72641,9.10778
2016-01-14,7.483,8.158,8.191,7.4270000000000005,25925.0,603618,0.03844,-0.076,-0.22994,0.14659,-0.05393,,8.1774,10.23605,9.58531,8.72263,9.10304
2016-01-15,8.118,7.593,8.155,7.477,24246.0,603618,-0.06926,-0.14484,-0.2915,0.01551,-0.0219,,7.9202,10.08729,9.58718,8.72124,9.09552
2016-01-18,7.321000000000001,7.809,7.909,7.321000000000001,20390.0,603618,0.02845,-0.0229,-0.28704,0.03253,0.03116,,7.8836,9.93757,9.59115,8.72316,9.08915
2016-01-19,7.8260000000000005,8.141,8.171,7.742999999999999,22618.0,603618,0.04252,0.01737,-0.29399,0.08071,0.1944,,7.9114,9.77614,9.60095,8.73393,9.08448
2016-01-20,8.138,8.301,8.434,8.055,28117.0,603618,0.01965,0.05664,-0.26637,0.0693,0.35328,,8.0004,9.63262,9.60963,8.75155,9.08064
2016-01-21,8.128,7.716,8.371,7.66,22959.0,603618,-0.07047,-0.05418,-0.31886,-0.00297,0.14328,,7.912,9.46062,9.60926,8.75941,9.07399
2016-01-22,7.972,8.002,8.038,7.723,18806.0,603618,0.03707,0.05387,-0.3082,0.06127,0.07786,,7.9938,9.29086,9.61671,8.76411,9.06878
2016-01-25,8.075,8.211,8.281,8.045,18020.0,603618,0.02612,0.05148,-0.32303,0.06512,0.00563,,8.0742,9.10429,9.62481,8.76449,9.06464
2016-01-26,8.095,7.47,8.128,7.414,22405.0,603618,-0.09024,-0.08242,-0.36301,0.05792,-0.16834,,7.94,8.90157,9.6314,8.7522,9.05697
2016-01-27,7.492999999999999,7.42,7.63,6.975,22528.0,603618,-0.00669,-0.10613,-0.32966,0.01035,-0.24846,,7.7638,8.72781,9.63263,8.73225,9.04914
2016-01-28,7.297000000000001,6.796,7.377000000000001,6.766,16126.0,603618,-0.0841,-0.11923,-0.40255,-0.10497,-0.3039,,7.5798,8.50976,9.61977,8.70813,9.03841
2016-01-29,6.732,7.148,7.224,6.732,16919.0,603618,0.0518,-0.10672,-0.36788,-0.08076,-0.28677,,7.409,8.31167,9.60965,8.68476,9.02945
2016-02-01,7.178,7.151,7.317,6.978,14879.0,603618,0.00042,-0.1291,-0.34807,-0.0932,-0.31048,,7.197,8.12986,9.59779,8.65859,9.02059
2016-02-02,7.211,7.47,7.55,7.171,15732.0,603618,0.04461,0.0,-0.24339,-0.06144,-0.24743,,7.197,8.01543,9.5899,8.63862,9.01331
2016-02-03,7.36,7.54,7.58,7.291,13586.0,603618,0.00937,0.01617,-0.21212,-0.09603,-0.15584,,7.221,7.91876,9.57698,8.6273,9.00643
2016-02-04,7.5329999999999995,7.766,7.8420000000000005,7.5329999999999995,19280.0,603618,0.02997,0.14273,-0.20836,-0.08743,-0.04218,,7.415,7.82143,9.56498,8.62452,9.00066
2016-02-05,7.7829999999999995,7.876,8.078,7.7829999999999995,17586.0,603618,0.01416,0.10185,-0.10794,-0.09917,-0.11694,,7.5606,7.77605,9.551,8.61604,8.99545
2016-02-15,7.492999999999999,7.702999999999999,7.7989999999999995,7.4270000000000005,15872.0,603618,-0.02197,0.07719,-0.13245,-0.17975,-0.16317,,7.671,7.72005,9.52377,8.60383,8.98949
2016-02-16,7.736000000000001,8.022,8.062000000000001,7.716,17831.0,603618,0.04141,0.0739,0.00375,-0.1635,-0.14877,,7.7814,7.72148,9.49848,8.59243,8.98506
2016-02-17,8.027999999999999,8.095,8.201,7.909,20856.0,603618,0.0091,0.07361,0.01162,-0.12496,-0.08902,,7.8924,7.7259,9.47984,8.586,8.98099
2016-02-18,8.158,8.015,8.195,7.975,24178.0,603618,-0.00988,0.03206,0.02024,-0.16161,-0.1671,,7.9422,7.73348,9.45492,8.57293,8.9766
2016-02-19,7.942,8.017999999999999,8.058,7.925,19661.0,603618,0.00037,0.01803,-0.01716,-0.17366,-0.15689,,7.9706,7.72681,9.42774,8.5608,8.97226
2016-02-22,8.175,8.434,8.47,8.125,33447.0,603618,0.05188,0.0949,0.11076,-0.1123,-0.07805,,8.1168,7.76686,9.41053,8.55499,8.96984
2016-02-23,8.457,8.537,8.6,8.311,29813.0,603618,0.01221,0.0642,0.09323,-0.14596,-0.09508,,8.2198,7.80152,9.387,8.5477,8.9679
2016-02-24,8.504,9.265,9.391,8.467,74241.0,603618,0.08528,0.14453,0.13807,-0.13918,-0.06282,,8.4538,7.85505,9.36284,8.54265,8.96922
2016-02-25,9.201,8.537,9.201,8.337,50724.0,603618,-0.07858,0.06513,0.02843,-0.13356,-0.13321,,8.5582,7.86629,9.34161,8.53198,8.9673
2016-02-26,8.537,9.177999999999999,9.198,8.474,47593.0,603618,0.07508,0.14467,0.18948,-0.07657,-0.02538,,8.7902,7.9359,9.32934,8.53004,8.96823
2016-02-29,8.982000000000001,9.162,9.363999999999999,8.527000000000001,42891.0,603618,-0.00174,0.08632,0.14496,-0.04692,-0.0486,,8.9358,7.99114,9.32206,8.52624,8.96909
2016-03-01,9.258,9.64,9.929,9.187999999999999,127809.0,603618,0.05217,0.1292,0.17403,0.03124,-0.03783,,9.1564,8.05919,9.32677,8.52315,8.97203
2016-03-02,9.304,9.869,10.132,9.039,118952.0,603618,0.02376,0.06519,0.32115,0.01502,0.00951,,9.2772,8.17343,9.32913,8.52391,8.97595
2016-03-03,9.73,10.059,10.444,9.57,100524.0,603618,0.01925,0.17828,0.35566,0.00299,0.1432,,9.5816,8.2991,9.32961,8.53415,8.98066
2016-03-04,10.068999999999999,9.577,10.245,9.304,72490.0,603618,-0.04792,0.04347,0.40921,-0.04287,0.083,,9.6614,8.43152,9.32269,8.54012,8.98324
2016-03-07,9.57,9.613,9.883,9.507,43002.0,603618,0.00376,0.04923,0.34485,-0.08159,0.17075,,9.7516,8.5489,9.30892,8.55152,8.98595
2016-03-08,9.52,9.374,9.57,8.972000000000001,41509.0,603618,-0.02486,-0.02759,0.31087,-0.10528,0.20442,,9.6984,8.65476,9.29113,8.56446,8.98762
2016-03-09,9.107999999999999,9.075,9.298,9.009,26726.0,603618,-0.0319,-0.08045,0.21486,-0.19534,0.2955,,9.5396,8.73119,9.2556,8.58128,8.98799
2016-03-10,9.138,9.61,9.932,9.088,64122.0,603618,0.05895,-0.04464,0.27454,-0.15068,0.52443,,9.4498,8.82976,9.2281,8.60816,8.99064
2016-03-11,9.53,9.939,10.065,9.431000000000001,84097.0,603618,0.03424,0.0378,0.27981,-0.15678,0.51833,,9.5222,8.93324,9.19829,8.63575,8.99466
2016-03-14,10.152000000000001,10.491,10.78,10.002,108971.0,603618,0.05554,0.09133,0.33202,-0.07771,0.50258,,9.6978,9.05776,9.18403,8.66428,9.00097
2016-03-15,10.328,10.112,10.497,10.039,71072.0,603618,-0.03613,0.07873,0.31274,-0.03244,0.36097,,9.8454,9.17248,9.17856,8.68608,9.00564
2016-03-16,10.135,9.63,10.202,9.507,73472.0,603618,-0.04767,0.06116,0.20045,-0.0759,0.43968,,9.9564,9.24905,9.16581,8.70999,9.00825
2016-03-17,9.736,10.355,10.460999999999999,9.637,96644.0,603618,0.07529,0.07752,0.27918,-0.00087,0.66908,,10.1054,9.35667,9.16566,8.74374,9.01386
2016-03-18,10.341,11.009,11.159,10.341,120512.0,603618,0.06316,0.10766,0.37355,0.03917,0.84374,,10.3194,9.49924,9.17235,8.7847,9.02214
2016-03-21,11.192,11.754000000000001,11.812999999999999,10.85,109385.0,603618,0.06767,0.12039,0.46595,0.09676,0.8885,,10.572,9.67714,9.18908,8.82966,9.03343
2016-03-22,11.498,12.571,12.93,11.448,179355.0,603618,0.06951,0.24318,0.49051,0.14772,0.86902,,11.0638,9.87414,9.21518,8.87718,9.04799
2016-03-23,12.465,12.91,13.225999999999999,12.318,141712.0,603618,0.02697,0.3406,0.51224,0.11959,0.8509,,11.7198,10.08238,9.23742,8.92543,9.06382
2016-03-24,12.627,13.292,14.165999999999999,12.478,146012.0,603618,0.02959,0.28363,0.43465,0.17472,0.94271,,12.3072,10.27414,9.26931,8.97787,9.08107
2016-03-25,13.365,13.610999999999999,13.79,12.96,124107.0,603618,0.024,0.23635,0.59435,0.20154,0.98846,,12.8276,10.51576,9.30613,9.03288,9.09949
2016-03-28,13.584000000000001,14.005999999999998,14.095999999999998,13.285,109519.0,603618,0.02902,0.19159,0.52604,0.21086,1.27333,1.53044,13.278,10.74567,9.34547,9.09666,9.13392
2016-03-29,13.884,13.069,13.943,12.661,147962.0,603618,-0.0669,0.03961,0.42644,0.0775,1.23211,1.14598,13.3776,10.93171,9.36063,9.15531,9.16229
2016-03-30,13.731,14.375,14.375,13.690999999999999,81194.0,603618,0.09993,0.11348,0.49118,0.2258,1.23214,1.14552,13.6706,11.15719,9.40334,9.21982,9.19349
2016-03-31,15.814,15.814,15.814,14.831,277648.0,603618,0.1001,0.18974,0.60239,0.42867,1.52741,1.14602,14.175,11.44029,9.47987,9.29752,9.22782
2016-04-01,15.052999999999999,15.542,15.728,14.565,232888.0,603618,-0.0172,0.14187,0.54508,0.36633,1.43987,0.91758,14.5612,11.70138,9.54708,9.37209,9.25805
2016-04-05,15.386,15.870999999999999,16.515,15.386,252775.0,603618,0.02117,0.13316,0.6572,0.40352,1.36669,0.77986,14.9342,12.0011,9.62068,9.4466,9.28632
2016-04-06,16.51,17.46,17.46,16.17,266083.0,603618,0.10012,0.33599,0.81629,0.59176,1.55674,1.05702,15.8124,12.37476,9.72537,9.53303,9.32279
2016-04-07,17.74,17.17,19.21,17.1,1155201.0,603618,-0.01661,0.19443,0.83166,0.73909,1.5543,1.11323,16.3714,12.746,9.84306,9.61798,9.35956
2016-04-08,16.2,16.26,17.08,15.54,685338.0,603618,-0.053,0.0282,0.79174,0.69906,1.36166,1.03174,16.4606,13.08814,9.95097,9.6942,9.39313
2016-04-11,16.3,15.94,16.39,15.65,506492.0,603618,-0.01968,0.02561,0.65869,0.62487,1.45118,1.13045,16.5402,13.38957,10.04984,9.77092,9.42751
2016-04-12,15.66,15.12,15.9,14.8,481430.0,603618,-0.05144,-0.04732,0.52128,0.71254,1.25033,0.99894,16.39,13.63629,10.15131,9.83922,9.45822
2016-04-13,15.2,15.14,15.5,15.0,422973.0,603618,0.00132,-0.13288,0.44314,0.70515,1.31995,1.05902,15.926,13.85767,10.25229,9.90925,9.48988
2016-04-19,15.13,14.77,15.38,14.54,293667.0,603618,-0.02444,-0.13978,0.46064,0.8481,1.19074,1.05567,15.446,14.07948,10.36161,9.97452,9.52071
2016-04-20,14.83,13.32,14.87,13.29,376664.0,603618,-0.09817,-0.18081,0.38318,0.66458,0.88722,0.80905,14.858,14.25519,10.44739,10.02543,9.54493
2016-04-21,13.25,12.8,13.36,12.63,269419.0,603618,-0.03904,-0.19699,0.23612,0.62933,0.79902,0.68266,14.23,14.37162,10.52713,10.07165,9.56604
2016-04-22,13.0,14.08,14.08,12.9,544366.0,603618,0.1,-0.06878,0.27895,0.72591,0.88311,0.85263,14.022,14.51786,10.62265,10.12533,9.59238
2016-04-25,13.5,13.59,13.76,13.0,355048.0,603618,-0.0348,-0.10238,0.1562,0.78981,0.79691,0.77346,13.712,14.60529,10.71937,10.17433,9.61647
2016-04-26,13.5,13.79,14.14,13.4,359945.0,603618,0.01472,-0.06635,0.09697,0.76591,0.83061,0.77432,13.516,14.66333,10.81584,10.2252,9.64093
2016-04-27,13.69,13.39,13.7,13.28,256475.0,603618,-0.02901,0.00526,0.03718,0.64476,0.72485,0.74213,13.53,14.68619,10.9005,10.27095,9.66412
2016-04-28,13.4,13.54,13.64,12.85,254287.0,603618,0.0112,0.05781,0.01866,0.63113,0.74958,0.75184,13.678,14.698,10.985,10.31811,9.68774
2016-04-29,13.38,13.18,13.48,13.13,147674.0,603618,-0.02659,-0.06392,-0.03167,0.70814,0.74801,0.70593,13.498,14.67748,11.07313,10.36397,9.70991
2016-05-03,13.1,13.46,13.47,12.91,221082.0,603618,0.02124,-0.00957,-0.03898,0.68208,0.74601,0.68545,13.472,14.65148,11.16116,10.41072,9.73217
2016-05-04,13.4,13.57,13.99,13.28,279414.0,603618,0.00817,-0.01595,0.03833,0.65266,0.92182,0.74826,13.428,14.67533,11.2476,10.46364,9.75578
2016-05-05,13.5,13.78,13.9,13.31,255166.0,603618,0.01548,0.02913,-0.04139,0.84471,0.87636,0.7829,13.506,14.647,11.34937,10.51597,9.78037
2016-05-06,13.71,13.02,13.87,13.0,248729.0,603618,-0.05515,-0.0384,-0.17668,0.75472,0.71474,0.66603,13.402,14.51395,11.43969,10.56009,9.80153
2016-05-09,12.9,11.87,12.9,11.75,197284.0,603618,-0.08833,-0.09939,-0.23626,0.74662,0.52649,0.52531,13.14,14.3391,11.52153,10.59337,9.81815
2016-05-10,11.91,12.06,12.11,11.8,122635.0,603618,0.01601,-0.10401,-0.24012,0.68719,0.52929,0.52716,12.86,14.15762,11.60076,10.62731,9.83507
2016-05-11,12.15,11.84,12.24,11.7,113439.0,603618,-0.01824,-0.12749,-0.32188,0.65571,0.48762,0.46862,12.514,13.89,11.67639,10.65886,9.85043
2016-05-12,11.8,11.53,11.8,11.2,145671.0,603618,-0.02618,-0.16328,-0.32848,0.54351,0.38233,0.42258,12.064,13.62143,11.74187,10.68479,9.86435
2016-05-13,11.43,11.41,11.67,11.21,100223.0,603618,-0.01041,-0.12366,-0.29828,0.51326,0.34078,0.27958,11.742,13.39048,11.80429,10.70837,9.87449
2016-05-16,11.27,11.6,11.6,11.27,106083.0,603618,0.01665,-0.02275,-0.27227,0.49369,0.32678,0.20632,11.688,13.18381,11.86613,10.73159,9.88255
2016-05-17,11.58,11.53,11.65,11.37,123704.0,603618,-0.00603,-0.04395,-0.23743,0.46394,0.22777,0.26453,11.582,13.01286,11.92506,10.74898,9.89236
2016-05-18,11.33,10.93,11.39,10.8,139126.0,603618,-0.05204,-0.07686,-0.27807,0.41893,0.13973,0.19663,11.4,12.81238,11.97711,10.75988,9.89966
2016-05-19,11.0,11.05,11.25,10.95,116795.0,603618,0.01098,-0.04163,-0.25186,0.37746,0.19447,0.20488,11.304,12.63524,12.02595,10.7745,9.9073
2016-05-20,10.92,11.14,11.18,10.7,105610.0,603618,0.00814,-0.02366,-0.16366,0.37616,0.16527,0.23517,11.25,12.53143,12.07506,10.78735,9.91592
2016-05-23,11.1,11.25,11.32,11.05,122728.0,603618,0.00987,-0.03017,-0.12109,0.40362,0.15944,0.34425,11.18,12.45762,12.12724,10.79993,9.92763
2016-05-24,11.11,11.04,11.22,10.94,92975.0,603618,-0.01867,-0.0425,-0.21591,0.3769,0.16198,0.27837,11.082,12.31286,12.17598,10.81244,9.9374
2016-05-25,11.19,11.02,11.25,10.95,88325.0,603618,-0.00181,0.00823,-0.18911,0.30662,0.10244,0.28184,11.1,12.19048,12.21769,10.82076,9.94725
2016-05-26,11.09,11.71,11.98,11.08,265464.0,603618,0.06261,0.05973,-0.15083,0.37168,0.08799,0.41648,11.232,12.09143,12.26887,10.82846,9.96125
2016-05-27,11.56,11.34,11.62,11.3,166815.0,603618,-0.0316,0.01795,-0.1531,0.22396,0.15092,0.33192,11.272,11.99381,12.30234,10.84055,9.97274
2016-05-30,11.2,11.12,11.27,11.02,89037.0,603618,-0.0194,-0.01156,-0.17873,0.30257,0.11882,0.27596,11.246,11.87857,12.344,10.85015,9.98251
2016-05-31,11.12,11.6,11.68,11.12,196655.0,603618,0.04317,0.05072,-0.11988,0.26389,0.2067,0.33903,11.358,11.80333,12.38306,10.86631,9.99445
2016-06-01,11.61,11.97,12.54,11.51,276330.0,603618,0.0319,0.08621,-0.1107,0.30648,0.28049,0.30991,11.548,11.73238,12.42835,10.88763,10.00596
2016-06-02,11.88,12.2,12.39,11.76,206559.0,603618,0.01921,0.04184,-0.10096,0.26556,0.25476,0.35465,11.646,11.66714,12.46965,10.90776,10.01895
2016-06-03,12.21,12.07,12.32,12.0,157802.0,603618,-0.01066,0.06437,-0.12409,0.22302,0.20351,0.41385,11.792,11.58571,12.50515,10.92436,10.03331
2016-06-06,12.16,12.23,12.34,12.03,150222.0,603618,0.01326,0.09982,-0.06068,0.21583,0.22227,0.35813,12.014,11.5481,12.54016,10.94244,10.04642
2016-06-07,12.2,11.98,12.2,11.88,187138.0,603618,-0.02044,0.03276,0.00927,0.25091,0.14455,0.28156,12.09,11.55333,12.57892,10.95474,10.05712
2016-06-08,11.97,11.72,11.97,11.62,125057.0,603618,-0.0217,-0.02089,-0.02819,0.21918,0.11864,0.19275,12.04,11.53714,12.6129,10.96485,10.06482
2016-06-13,11.5,10.82,11.59,10.78,154389.0,603618,-0.07679,-0.11311,-0.08615,0.15426,-0.04061,0.15871,11.764,11.48857,12.63623,10.96112,10.07084
2016-06-14,10.76,10.81,11.0,10.71,94401.0,603618,-0.00092,-0.10439,-0.06245,0.19118,-0.04463,0.10758,11.512,11.45429,12.66421,10.95702,10.07511
2016-06-15,10.7,11.27,11.45,10.55,167086.0,603618,0.04255,-0.0785,-0.01227,0.17274,-0.04386,0.20651,11.32,11.44762,12.69098,10.95281,10.08295
2016-06-16,11.2,11.08,11.27,11.01,113714.0,603618,-0.01686,-0.07513,-0.04483,0.1148,-0.02593,0.11998,11.14,11.42286,12.70939,10.95041,10.08778
2016-06-17,11.12,11.11,11.36,11.03,106291.0,603618,0.00271,-0.05205,-0.03643,0.059,0.06306,0.05538,11.018,11.40286,12.71937,10.95577,10.09015
2016-06-20,11.02,11.23,11.45,10.93,109072.0,603618,0.0108,0.03789,0.02745,0.11056,0.07763,0.07218,11.1,11.41714,12.7374,10.96235,10.09322
2016-06-21,11.22,11.75,12.0,11.22,317285.0,603618,0.0463,0.08696,0.06335,0.22015,0.13373,0.01988,11.288,11.45048,12.7716,10.97362,10.09415
2016-06-22,11.61,11.98,12.14,11.51,257669.0,603618,0.01957,0.063,0.0754,0.15693,0.13083,0.00201,11.43,11.49048,12.79781,10.98489,10.09425
2016-06-23,11.84,11.92,12.35,11.77,218387.0,603618,-0.00501,0.07581,0.05956,0.08275,0.11225,-0.02415,11.598,11.52238,12.8125,10.99467,10.09305
2016-06-24,11.9,11.51,11.99,11.0,202872.0,603618,-0.0344,0.036,0.04257,-0.02076,0.05085,-0.12064,11.678,11.54476,12.80856,10.9992,10.08663
2016-06-27,11.22,11.7,11.73,11.22,121418.0,603618,0.01651,0.04185,0.06171,-0.06929,0.01466,-0.09972,11.772,11.57714,12.79452,11.00057,10.08136
2016-06-28,11.61,11.88,11.89,11.51,177513.0,603618,0.01538,0.01106,0.01452,-0.07978,0.04993,-0.06065,11.798,11.58524,12.7779,11.00516,10.07824
2016-06-29,11.9,11.83,11.98,11.78,137643.0,603618,-0.00421,-0.01252,0.04321,-0.10999,0.04431,-0.0514,11.768,11.60857,12.75432,11.00924,10.07564
2016-06-30,11.87,12.05,12.08,11.73,172968.0,603618,0.0186,0.01091,0.08363,-0.11469,0.04176,-0.08795,11.794,11.65286,12.72915,11.01317,10.07091
2016-07-01,12.07,11.88,12.15,11.79,135504.0,603618,-0.01411,0.03215,0.02414,-0.15179,-0.02053,-0.12033,11.868,11.66619,12.69485,11.01115,10.06431
2016-07-04,11.69,12.05,12.09,11.66,152868.0,603618,0.01431,0.02991,0.00668,-0.07797,0.02754,-0.18877,11.938,11.67,12.67842,11.01377,10.05291
2016-07-05,12.1,11.98,12.11,11.88,123151.0,603618,-0.00581,0.00842,-0.01803,-0.16661,0.0823,-0.26678,11.958,11.65952,12.63979,11.02118,10.03519
2016-07-06,11.96,12.18,12.21,11.9,196069.0,603618,0.01669,0.02959,0.00911,-0.2298,0.07077,-0.18222,12.028,11.66476,12.58118,11.02772,10.02416
2016-07-07,12.22,12.0,12.22,11.86,155855.0,603618,-0.01478,-0.00415,-0.01881,-0.2279,0.0612,-0.21753,12.018,11.65381,12.52405,11.03335,10.0106
2016-07-08,12.05,12.57,12.85,11.97,386426.0,603618,0.0475,0.05808,0.04925,-0.20799,0.14596,-0.16517,12.156,11.6819,12.47081,11.04637,10.00049
2016-07-11,12.6,12.46,12.95,12.41,274013.0,603618,-0.00875,0.03402,0.06314,-0.28637,0.26203,-0.14352,12.238,11.71714,12.39016,11.0674,9.992
2016-07-12,12.46,12.47,12.57,12.04,182575.0,603618,0.0008,0.0409,0.1525,-0.27373,0.30303,-0.18385,12.336,11.79571,12.31435,11.09098,9.98058
2016-07-13,12.41,12.48,12.66,12.39,160919.0,603618,0.0008,0.02463,0.15449,-0.23247,0.27217,-0.1215,12.396,11.87524,12.25339,11.11268,9.97357
2016-07-14,12.49,12.44,12.61,12.29,132116.0,603618,-0.00321,0.03667,0.10382,-0.21957,0.40899,-0.02714,12.484,11.93095,12.19694,11.14204,9.97215
2016-07-15,12.35,12.26,12.48,12.21,99589.0,603618,-0.01447,-0.02466,0.1065,-0.18915,0.38079,0.06535,12.422,11.98714,12.15081,11.16953,9.97521
2016-07-18,12.1,12.14,12.44,12.09,140078.0,603618,-0.00979,-0.02568,0.09271,-0.19815,0.51902,0.17204,12.358,12.03619,12.10242,11.20325,9.98246
2016-07-19,12.2,12.14,12.22,11.95,129781.0,603618,0.0,-0.02646,0.08103,-0.17806,0.51712,0.14377,12.292,12.07952,12.06,11.23689,9.98866
2016-07-20,12.07,12.14,12.21,12.07,91384.0,603618,0.0,-0.02724,0.03319,-0.08859,0.54532,0.26722,12.224,12.0981,12.04097,11.27172,9.99907
2016-07-21,12.12,13.35,13.35,12.05,564145.0,603618,0.09967,0.07315,0.11436,0.04297,0.63643,0.54819,12.406,12.16333,12.04984,11.31393,10.01828
2016-07-22,13.44,13.77,13.99,13.14,635698.0,603618,0.03146,0.12316,0.1552,-0.02202,0.81351,0.7738,12.708,12.25143,12.04484,11.36415,10.0427
2016-07-25,13.5,15.15,15.15,13.43,799160.0,603618,0.10022,0.24794,0.31625,0.11479,0.94007,1.00053,13.31,12.42476,12.07,11.42384,10.0735
2016-07-26,15.15,14.98,15.15,14.5,618981.0,603618,-0.01122,0.23394,0.28034,0.08629,0.84007,1.19777,13.878,12.58095,12.08919,11.47944,10.10669
2016-07-27,14.6,13.63,14.84,13.5,568070.0,603618,-0.09012,0.12273,0.14731,0.01792,0.64197,1.22204,14.176,12.66429,12.09306,11.52276,10.13716
2016-07-28,13.58,14.99,14.99,13.4,560793.0,603618,0.09978,0.12285,0.26712,0.10709,0.94272,1.22107,14.504,12.81476,12.11645,11.5819,10.17066
2016-07-29,14.99,15.59,15.99,14.78,787617.0,603618,0.04003,0.13217,0.29378,0.18285,0.94826,1.09995,14.868,12.98333,12.15532,11.64359,10.20385
2016-08-01,15.2,14.68,15.2,14.07,444975.0,603618,-0.05837,-0.03102,0.23569,0.09064,0.78785,0.79792,14.774,13.11667,12.175,11.69619,10.23034
2016-08-02,14.75,15.72,16.12,14.32,651380.0,603618,0.07084,0.0494,0.30456,0.15844,1.10442,0.75017,14.922,13.29143,12.20968,11.76326,10.25773
2016-08-03,15.42,15.99,16.72,15.2,731105.0,603618,0.01718,0.17315,0.33472,0.16038,1.15499,0.61957,15.394,13.48238,12.24532,11.83293,10.28259
2016-08-04,15.67,15.71,16.49,15.58,536939.0,603618,-0.01751,0.04803,0.28982,0.20661,1.31165,0.60914,15.538,13.65048,12.28871,11.90541,10.30677
2016-08-05,15.6,15.71,16.19,15.23,488278.0,603618,0.0,0.0077,0.30917,0.3235,1.19782,0.56755,15.562,13.82714,12.35065,11.97502,10.32989
2016-08-08,15.32,15.08,15.68,14.83,441884.0,603618,-0.0401,0.02725,0.19968,0.25041,1.1088,0.45405,15.642,13.94667,12.39935,12.03948,10.34903
2016-08-09,15.0,16.59,16.59,14.9,743486.0,603618,0.10013,0.05534,0.33146,0.40118,1.22088,0.67137,15.816,14.14333,12.47597,12.11363,10.37612
2016-08-10,16.77,16.2,16.78,16.13,628898.0,603618,-0.02351,0.01313,0.29912,0.40503,1.14854,0.8137,15.858,14.32095,12.55129,12.18403,10.40567
2016-08-11,16.02,16.53,17.4,15.72,901334.0,603618,0.02037,0.0522,0.32452,0.44873,1.12851,1.03873,16.022,14.51381,12.63387,12.25528,10.4399
2016-08-12,16.17,16.49,16.79,16.02,509741.0,603618,-0.00242,0.04965,0.32556,0.42155,1.0937,0.84886,16.178,14.70667,12.71274,12.32532,10.47068
2016-08-15,16.32,16.93,17.6,16.2,687189.0,603618,0.02668,0.12268,0.38091,0.46834,1.19784,0.83922,16.548,14.92905,12.79984,12.40033,10.50208
2016-08-16,16.7,17.01,17.36,16.58,558367.0,603618,0.00473,0.02532,0.40115,0.55627,1.12042,0.80497,16.632,15.16095,12.8979,12.47341,10.53292
2016-08-17,16.83,16.97,17.17,16.38,479303.0,603618,-0.00235,0.04753,0.39786,0.53575,1.09636,0.90975,16.786,15.39095,12.99339,12.54556,10.56578
2016-08-18,16.81,17.03,17.66,16.8,532141.0,603618,0.00354,0.03025,0.4028,0.52873,1.12477,0.76972,16.886,15.62381,13.08839,12.61885,10.59589
2016-08-19,16.79,16.82,17.34,16.71,375283.0,603618,-0.01233,0.02001,0.25993,0.49511,1.09778,0.76866,16.952,15.78905,13.17823,12.69041,10.62561
2016-08-22,16.7,16.12,16.89,16.09,377716.0,603618,-0.04162,-0.04784,0.17066,0.46014,0.91131,0.76213,16.79,15.90095,13.26016,12.7529,10.65395
2016-08-23,16.11,16.08,16.43,15.85,246072.0,603618,-0.00248,-0.05467,0.06139,0.45917,0.88357,0.70447,16.604,15.94524,13.34177,12.81423,10.68096
2016-08-24,16.01,15.74,16.18,15.59,266877.0,603618,-0.02114,-0.07248,0.05073,0.34415,0.69887,0.59215,16.358,15.98143,13.40677,12.86687,10.70476
2016-08-25,15.54,15.4,15.54,15.18,211485.0,603618,-0.0216,-0.09571,0.12986,0.35802,0.80391,0.56361,16.032,16.06571,13.47226,12.92267,10.72733
2016-08-26,15.5,15.53,15.89,15.4,219634.0,603618,0.00844,-0.07669,0.03602,0.39658,0.69209,0.64915,15.774,16.09143,13.54339,12.97431,10.75217
2016-08-29,15.48,15.74,15.86,15.34,179734.0,603618,0.01352,-0.02357,0.00962,0.3569,0.71797,0.63448,15.698,16.09857,13.61016,13.02779,10.77701
2016-08-30,15.72,15.61,15.88,15.54,128949.0,603618,-0.00826,-0.02923,0.06335,0.30409,0.61929,0.55804,15.604,16.14286,13.66887,13.07633,10.79974
2016-08-31,15.6,15.91,16.1,15.09,295824.0,603618,0.01922,0.0108,0.01209,0.3041,0.61212,0.62745,15.638,16.1519,13.72871,13.12544,10.82467
2016-09-01,15.79,15.67,16.09,15.59,263964.0,603618,-0.01508,0.01753,-0.02001,0.29826,0.55781,0.78088,15.692,16.13667,13.78677,13.17106,10.85261
2016-09-02,15.4,15.24,15.59,15.2,188836.0,603618,-0.02744,-0.01867,-0.02992,0.24612,0.59131,0.7234,15.634,16.11429,13.83532,13.2171,10.87861
2016-09-05,15.28,15.12,15.54,15.06,137006.0,603618,-0.00787,-0.03939,-0.03756,0.2621,0.57287,0.84143,15.51,16.08619,13.88597,13.26187,10.9067
2016-09-06,15.15,15.14,15.2,14.68,188627.0,603618,0.00132,-0.03011,0.00398,0.29181,0.61511,0.94527,15.416,16.08905,13.94113,13.30875,10.9366
2016-09-07,15.3,15.49,15.8,15.3,278634.0,603618,0.02312,-0.0264,-0.06631,0.43161,0.70689,1.21128,15.332,16.03667,14.01645,13.3609,10.97109
2016-09-08,15.3,15.21,15.51,15.11,153653.0,603618,-0.01808,-0.02936,-0.06111,0.40703,0.58273,1.41275,15.24,15.98952,14.08742,13.40643,11.0073
2016-09-09,15.15,15.45,15.84,15.15,303165.0,603618,0.01578,0.01378,-0.06534,0.3709,0.55448,1.36022,15.282,15.9381,14.15484,13.45124,11.04349
2016-09-12,14.95,14.82,15.31,14.8,188040.0,603618,-0.04078,-0.01984,-0.10127,0.33755,0.41264,1.1226,15.222,15.85857,14.21516,13.48643,11.07535
2016-09-13,14.9,16.09,16.28,14.89,515493.0,603618,0.0857,0.06275,-0.04962,0.44824,0.59118,1.16555,15.412,15.81857,14.29548,13.53503,11.11056
2016-09-14,15.81,15.31,15.95,15.24,317698.0,603618,-0.04848,-0.01162,-0.09994,0.36331,0.58982,1.28883,15.376,15.73762,14.36129,13.58121,11.1456
2016-09-19,15.31,15.5,15.83,15.19,219793.0,603618,0.01241,0.01907,-0.08662,0.31915,0.49686,1.49839,15.434,15.66762,14.42177,13.62304,11.18339
2016-09-20,15.38,15.42,15.76,15.3,178010.0,603618,-0.00516,-0.00194,-0.09454,0.28715,0.40067,1.58248,15.428,15.59095,14.47726,13.6589,11.2218
2016-09-21,15.3,15.22,15.44,15.16,126651.0,603618,-0.01297,0.02699,-0.09512,0.27685,0.29488,1.44537,15.508,15.51476,14.53048,13.68708,11.25837
2016-09-22,15.29,15.25,15.36,15.15,118699.0,603618,0.00197,-0.05221,-0.05397,0.32493,0.21311,1.26732,15.34,15.47333,14.59081,13.70886,11.29302
2016-09-23,15.26,14.87,15.3,14.85,156947.0,603618,-0.02492,-0.02874,-0.07525,0.27094,0.15182,1.1319,15.252,15.41571,14.64194,13.7248,11.32511
2016-09-26,14.61,14.0,14.8,13.96,176819.0,603618,-0.05851,-0.09677,-0.11055,0.17845,0.05327,1.04619,14.952,15.33286,14.67613,13.73055,11.35421
2016-09-27,13.99,14.18,14.18,13.92,92475.0,603618,0.01286,-0.08042,-0.07922,0.19865,0.0418,1.07159,14.704,15.27476,14.71403,13.73518,11.38403
2016-09-28,14.14,14.13,14.29,14.04,63680.0,603618,-0.00353,-0.07162,-0.09015,0.17261,0.00885,1.29346,14.486,15.2081,14.74758,13.73619,11.41642
2016-09-29,14.15,13.98,14.25,13.95,68915.0,603618,-0.01062,-0.08328,-0.11182,0.17677,0.06971,1.3877,14.232,15.12429,14.78145,13.74359,11.44945
2016-09-30,13.98,13.95,13.99,13.85,58789.0,603618,-0.00215,-0.06187,-0.10634,0.15768,-0.02957,1.16615,14.048,15.04524,14.8121,13.74014,11.47998
2016-10-10,14.15,14.25,14.26,14.03,82468.0,603618,0.02151,0.01786,-0.10434,0.18948,-0.0989,1.27745,14.098,14.96619,14.84871,13.72742,11.51247
2016-10-11,14.25,14.34,14.36,14.15,96195.0,603618,0.00632,0.01128,-0.08488,0.17734,-0.07734,1.25118,14.13,14.90286,14.88355,13.71765,11.54487
2016-10-12,14.26,14.57,14.69,14.16,146248.0,603618,0.01604,0.03114,-0.04396,0.21417,-0.08197,1.17268,14.218,14.87095,14.925,13.70707,11.57684
2016-10-13,14.5,14.41,14.57,14.3,91520.0,603618,-0.01098,0.03076,-0.04696,0.14638,-0.17468,1.11012,14.304,14.83714,14.95468,13.68228,11.60765
2016-10-14,14.43,14.19,14.51,14.07,81552.0,603618,-0.01527,0.0172,-0.06275,0.13884,-0.17356,1.11098,14.352,14.7919,14.98258,13.65805,11.63801
2016-10-17,14.19,14.06,14.27,14.0,75719.0,603618,-0.00916,-0.01333,-0.09232,0.12751,-0.1353,1.04212,14.314,14.72381,15.00823,13.64016,11.66718
2016-10-18,14.0,14.24,14.25,14.0,86090.0,603618,0.0128,-0.00697,-0.06377,0.14103,-0.10665,1.18976,14.294,14.67762,15.03661,13.62634,11.69863
2016-10-19,14.28,14.17,14.38,14.09,78886.0,603618,-0.00492,-0.02745,-0.08285,0.13907,-0.06283,1.10894,14.214,14.61667,15.06452,13.61862,11.72892
2016-10-20,14.16,14.26,14.27,14.11,86483.0,603618,0.00635,-0.01041,-0.03779,0.16313,-0.05812,1.18511,14.184,14.59,15.09677,13.61146,11.76036
2016-10-21,14.28,14.15,14.38,14.06,91007.0,603618,-0.00771,-0.00282,-0.12057,0.16557,-0.04198,1.09878,14.176,14.49762,15.12919,13.60642,11.79047
2016-10-24,14.15,14.17,14.21,14.02,86197.0,603618,0.00141,0.00782,-0.07446,0.16722,0.06381,1.00765,14.198,14.44333,15.16194,13.61333,11.81938
2016-10-25,14.17,14.16,14.23,14.09,76713.0,603618,-0.00071,-0.00562,-0.08645,0.16639,0.10625,0.99016,14.182,14.37952,15.19452,13.62439,11.84802
2016-10-26,14.2,13.88,14.21,13.8,135214.0,603618,-0.01977,-0.02047,-0.09987,0.0397,-0.0142,0.85636,14.124,14.30619,15.20306,13.62276,11.87405
2016-10-27,13.78,13.95,13.97,13.76,81350.0,603618,0.00504,-0.02174,-0.08344,0.01307,0.02649,0.84451,14.062,14.24571,15.20597,13.62569,11.90001
2016-10-28,13.87,13.73,13.96,13.71,77210.0,603618,-0.01577,-0.02968,-0.09967,-0.09373,-0.00435,0.82265,13.978,14.17333,15.18306,13.6252,11.9252
2016-10-31,13.7,13.56,13.7,13.5,60986.0,603618,-0.01238,-0.04305,-0.0881,-0.09479,0.0127,0.74675,13.856,14.11095,15.16016,13.62659,11.94877
2016-11-01,13.52,14.27,14.45,13.52,256056.0,603618,0.05236,0.00777,0.01929,0.04696,0.05391,0.84391,13.878,14.12381,15.17048,13.63252,11.97532
2016-11-02,14.13,13.99,14.2,13.9,149634.0,603618,-0.01962,0.00793,-0.0134,-0.06671,0.06146,0.85544,13.9,14.11476,15.15435,13.63911,12.00154
2016-11-03,13.91,13.92,14.04,13.75,123420.0,603618,-0.005,-0.00215,-0.01486,-0.10712,0.03418,0.80568,13.894,14.10476,15.12742,13.64285,12.02678
2016-11-04,13.92,13.81,13.99,13.77,73672.0,603618,-0.0079,0.00583,-0.01216,-0.05926,0.01769,0.95581,13.91,14.09667,15.11339,13.6448,12.05422
2016-11-07,13.72,13.46,13.78,13.36,202532.0,603618,-0.02534,-0.00737,-0.03513,-0.14377,-0.02322,0.83279,13.89,14.07333,15.07694,13.6422,12.07908
2016-11-08,13.47,13.51,13.66,13.45,74803.0,603618,0.00371,-0.05326,-0.05193,-0.1551,0.03763,0.77927,13.738,14.0381,15.03694,13.64618,12.10313
2016-11-09,13.51,13.3,13.56,13.22,91891.0,603618,-0.01554,-0.04932,-0.07252,-0.15341,0.12047,0.71039,13.6,13.98857,14.99806,13.6578,12.12559
2016-11-10,13.43,13.45,13.54,13.41,74076.0,603618,0.01128,-0.03376,-0.07687,-0.14386,0.11526,0.70555,13.506,13.93524,14.96161,13.66911,12.14821
2016-11-11,13.48,13.5,13.51,13.32,89200.0,603618,0.00372,-0.02245,-0.06315,-0.10477,0.1402,0.69619,13.444,13.8919,14.93613,13.6826,12.17073
2016-11-14,13.5,13.59,13.69,13.45,95727.0,603618,0.00667,0.00966,-0.04228,-0.18083,0.17866,0.6293,13.47,13.86333,14.88774,13.69935,12.19207
2016-11-15,13.62,13.64,13.65,13.47,79354.0,603618,0.00368,0.00962,-0.02987,-0.15802,0.19544,0.60282,13.496,13.84333,14.84645,13.71748,12.21292
2016-11-16,13.73,14.34,14.74,13.67,440481.0,603618,0.05132,0.0782,0.00702,-0.13249,0.23621,0.64017,13.704,13.8481,14.81113,13.73976,12.23567
2016-11-17,14.22,14.02,14.22,13.9,199013.0,603618,-0.02232,0.04238,-0.01059,-0.14979,0.21596,0.49292,13.818,13.84095,14.77129,13.76,12.25449
2016-11-18,14.05,13.92,14.19,13.85,147677.0,603618,-0.00713,0.03111,-0.02384,-0.17779,0.27356,0.45151,13.902,13.82476,14.72274,13.78431,12.27209
2016-11-21,13.88,13.93,14.08,13.83,91358.0,603618,0.00072,0.02502,-0.01555,-0.18107,0.26063,0.50578,13.97,13.81429,14.67306,13.80772,12.29111
2016-11-22,13.93,14.18,14.34,13.86,179205.0,603618,0.01795,0.03959,0.00071,-0.16441,0.27289,0.48326,14.078,13.81476,14.62806,13.83244,12.30989
2016-11-23,14.16,13.89,14.16,13.85,126205.0,603618,-0.02045,-0.03138,-0.01907,-0.18438,0.23467,0.43152,13.988,13.8019,14.57742,13.8539,12.32691
2016-11-24,13.89,13.67,13.98,13.65,94541.0,603618,-0.01584,-0.02496,-0.01513,-0.18728,0.23822,0.4388,13.918,13.7919,14.52661,13.87528,12.34386
2016-11-25,13.56,13.69,13.71,13.3,85524.0,603618,0.00146,-0.01652,-0.01864,-0.15074,0.24229,0.36955,13.872,13.77952,14.48742,13.89699,12.35888
2016-11-28,13.69,13.67,13.8,13.61,54085.0,603618,-0.00146,-0.01866,-0.00437,-0.14988,0.16738,0.27009,13.82,13.77667,14.44855,13.91293,12.3707
2016-11-29,13.61,13.38,13.67,13.36,83180.0,603618,-0.02121,-0.05642,-0.01327,-0.14994,0.17989,0.35796,13.66,13.7681,14.41048,13.92951,12.38503
2016-11-30,13.31,13.43,13.48,13.28,50317.0,603618,0.00374,-0.03312,-0.05886,-0.12792,0.20773,0.35124,13.568,13.7281,14.37871,13.94829,12.39922
2016-12-01,13.43,13.42,13.5,13.33,50344.0,603618,-0.00074,-0.01829,-0.04074,-0.13587,0.1569,0.39603,13.518,13.70095,14.34468,13.96309,12.4147
2016-12-02,13.38,13.37,13.65,13.35,81245.0,603618,-0.00373,-0.02337,-0.03951,-0.15057,0.11696,0.43025,13.454,13.67476,14.30645,13.97447,12.43105
2016-12-05,13.36,13.53,13.83,13.28,100114.0,603618,0.01197,-0.01024,-0.02028,-0.13325,0.10902,0.39155,13.426,13.66143,14.2729,13.98528,12.44652
2016-12-06,13.53,13.47,13.64,13.42,50690.0,603618,-0.00443,0.00673,0.00074,-0.15336,0.11599,0.3431,13.444,13.6619,14.23355,13.99667,12.46051
2016-12-07,13.47,13.45,13.48,13.3,52491.0,603618,-0.00148,0.00149,-0.00444,-0.14167,0.09975,0.34419,13.448,13.65905,14.19774,14.00659,12.47451
2016-12-08,13.45,13.41,13.5,13.34,44305.0,603618,-0.00297,-0.00075,0.00827,-0.12008,0.11937,0.28117,13.446,13.66429,14.16823,14.01821,12.48648
2016-12-09,13.41,13.26,13.42,13.22,56764.0,603618,-0.01119,-0.00823,-0.01413,-0.12302,0.1314,0.26563,13.424,13.65524,14.13823,14.03073,12.49779
2016-12-12,13.26,12.1,13.26,12.01,122947.0,603618,-0.08748,-0.10569,-0.1037,-0.20079,0.1183,0.07289,13.138,13.58857,14.08919,14.04114,12.50113
2016-12-13,12.04,12.09,12.19,11.86,66243.0,603618,-0.00083,-0.10245,-0.11038,-0.2195,0.11841,0.06849,12.862,13.51714,14.03435,14.05154,12.50428
2016-12-14,12.1,11.96,12.34,11.92,51248.0,603618,-0.01075,-0.11078,-0.12317,-0.21368,0.06122,0.01468,12.564,13.43714,13.98194,14.05715,12.50498
2016-12-15,11.87,12.06,12.18,11.83,48586.0,603618,0.00836,-0.10067,-0.159,-0.21942,0.08845,0.06022,12.294,13.32857,13.92726,14.06512,12.50777
2016-12-16,12.13,12.12,12.16,12.02,43162.0,603618,0.00498,-0.08597,-0.13552,-0.18219,0.09091,0.1597,12.066,13.2381,13.88371,14.07333,12.51455
2016-12-19,12.18,12.12,12.21,12.07,37310.0,603618,0.0,0.00165,-0.12931,-0.24674,0.07925,0.16304,12.07,13.15238,13.81968,14.08057,12.52146
2016-12-20,12.14,12.04,12.15,11.98,35342.0,603618,-0.0066,-0.00414,-0.13568,-0.21359,0.02468,0.16171,12.06,13.06238,13.76694,14.08293,12.52827
2016-12-21,12.06,12.14,12.2,12.04,38389.0,603618,0.00831,0.01505,-0.14386,-0.21677,0.01336,0.14593,12.096,12.96524,13.71274,14.08423,12.53456
2016-12-22,12.16,12.07,12.16,12.01,36223.0,603618,-0.00577,0.00083,-0.13103,-0.21725,0.01258,0.12625,12.098,12.87857,13.65871,14.08545,12.54006
2016-12-23,12.07,11.99,12.12,11.97,35454.0,603618,-0.00663,-0.01073,-0.1229,-0.21222,0.0417,0.09468,12.072,12.79857,13.60661,14.08935,12.54427
2016-12-26,11.9,11.87,11.96,11.54,47980.0,603618,-0.01001,-0.02063,-0.13294,-0.22164,0.01453,0.0294,12.022,12.7119,13.5521,14.09073,12.54565
2016-12-27,11.76,11.82,11.91,11.76,27381.0,603618,-0.00421,-0.01827,-0.13533,-0.20511,-0.00505,0.04463,11.978,12.62381,13.5029,14.09024,12.5477
2016-12-28,11.82,12.3,12.72,11.72,141211.0,603618,0.04061,0.01318,-0.08072,-0.12143,0.03973,0.08581,12.01,12.57238,13.47548,14.09407,12.55165
2016-12-29,12.3,12.07,12.3,12.05,76754.0,603618,-0.0187,0.0,-0.10127,-0.1488,0.00166,0.04349,12.01,12.50762,13.44145,14.09423,12.5537
2016-12-30,12.08,12.07,12.21,12.03,37232.0,603618,0.0,0.00667,-0.1006,-0.14579,0.01599,-0.00486,12.026,12.44333,13.40823,14.09577,12.55346
2017-01-03,12.15,12.15,12.2,12.08,37268.0,603618,0.00663,0.02359,-0.09125,-0.1309,0.0083,0.03607,12.082,12.38524,13.37871,14.09659,12.55518
2017-01-04,12.18,12.26,12.29,12.08,60966.0,603618,0.00905,0.03723,-0.09387,-0.12115,0.02337,0.1076,12.17,12.32476,13.35145,14.09886,12.56002
2017-01-05,12.25,12.28,12.44,12.21,58933.0,603618,0.00163,-0.00163,-0.08834,-0.13825,0.00821,0.07956,12.166,12.2681,13.31968,14.09967,12.5637
2017-01-06,12.26,12.35,12.86,12.13,106176.0,603618,0.0057,0.0232,-0.08178,-0.13877,0.02917,0.09215,12.222,12.21571,13.28758,14.10252,12.56793
2017-01-09,12.2,12.4,12.5,12.17,55210.0,603618,0.00405,0.02734,-0.07532,-0.14894,-0.01352,0.13046,12.288,12.16762,13.25258,14.10114,12.57375
2017-01-10,12.4,12.42,12.55,12.26,63126.0,603618,0.00161,0.02222,-0.06335,-0.1381,-0.00321,0.25798,12.342,12.12762,13.22048,14.10081,12.58411
2017-01-11,12.39,12.22,12.5,12.2,52757.0,603618,-0.0161,-0.00326,0.00992,-0.13883,-0.02005,0.27691,12.334,12.13333,13.18871,14.09878,12.59488
2017-01-12,12.15,11.97,12.25,11.92,50593.0,603618,-0.02046,-0.02524,-0.00993,-0.14865,-0.04087,0.22018,12.272,12.12762,13.155,14.09463,12.60366
2017-01-13,11.97,11.82,12.08,11.8,39024.0,603618,-0.01253,-0.04291,-0.01171,-0.16994,-0.04984,0.33877,12.166,12.12095,13.11597,14.08959,12.61582
