code,xcode,name,ipo_date,issue_date,amount,markets,price,pe,limit,funds,ballot
603238,732238,诺邦股份,2017-02-10,,3000,1200,0.0,0.0,1.2,3.9930000000000003,0.0
603345,732345,安井食品,2017-02-10,,5401,2160,0.0,0.0,2.1,6.006,0.0
300611,300611,美力科技,2017-02-09,,2237,887,0.0,0.0,0.85,2.678,0.0
600939,730939,重庆建工,2017-02-09,,18150,5440,3.12,22.92,5.4,5.662999999999999,0.0
603817,732817,海峡环保,2017-02-08,,11250,3350,0.0,0.0,3.3,4.545,0.0
002849,002849,威星智能,2017-02-07,,2167,816,0.0,0.0,0.8,2.617,0.0
603603,732603,博天环境,2017-02-07,,4001,1200,0.0,0.0,1.2,2.697,0.0
603955,732955,大千生态,2017-02-07,,2175,775,0.0,0.0,0.7,3.319,0.0
300615,300615,欣天科技,2017-02-03,,2000,2000,14.37,22.98,2.0,2.8739999999999997,0.0
601212,780212,白银有色,2017-02-03,,69800,20940,1.78,556.25,20.9,12.424000000000001,0.0
300612,300612,宣亚国际,2017-02-03,,1800,1800,16.14,22.98,1.8,2.905,0.0
300609,300609,汇纳科技,2017-01-26,,2500,1000,8.12,22.97,1.0,2.03,0.0
002848,002848,高斯贝尔,2017-01-26,,4180,1672,6.31,22.98,1.65,2.638,0.0
300610,300610,晨化股份,2017-01-25,,2500,2250,10.57,22.98,1.0,2.6430000000000002,0.03
603330,732330,上海天洋,2017-01-25,,1500,1500,18.19,22.99,1.5,2.728,0.01
603615,732615,茶花股份,2017-01-25,,6000,5400,8.37,22.98,2.4,5.022,0.04
603839,732839,安正时尚,2017-01-24,,7126,6413,16.78,22.98,2.8,11.957,0.05
300608,300608,思特奇,2017-01-24,,1686,1686,16.16,22.98,1.65,2.7239999999999998,0.01
603208,732208,欧派股份,2017-01-24,,2021,1819,24.83,22.99,0.7,5.018,0.03
300607,300607,拓斯达,2017-01-23,,1812,1812,18.74,22.98,1.8,3.3960000000000004,0.01
603626,732626,科森科技,2017-01-23,,5267,4740,18.85,20.75,2.1,9.927999999999999,0.04
603040,732040,新坐标,2017-01-23,,1500,1500,16.44,22.99,1.5,2.4659999999999997,0.01
603637,732637,镇海股份,2017-01-20,,2558,2302,13.86,22.99,1.0,3.545,0.03
300605,300605,恒锋信息,2017-01-20,,2100,1890,9.4,22.97,0.8,1.974,0.03
300601,300601,康泰生物,2017-01-20,,4200,3780,3.29,22.94,1.25,1.382,0.04
002847,002847,盐津铺子,2017-01-19,,3100,2790,9.14,22.99,1.2,2.833,0.03
002846,002846,英联股份,2017-01-19,,3000,2700,8.33,22.96,1.2,2.499,0.03
603177,732177,德创环保,2017-01-19,,5050,4545,3.6,22.97,2.0,1.818,0.04
603677,732677,奇精机械,2017-01-18,,2000,2000,21.13,22.99,2.0,4.226,0.02
603360,732360,百傲化学,2017-01-18,,3334,3001,9.24,22.92,1.3,3.082,0.03
300606,300606,金太阳,2017-01-18,,2230,2007,8.36,22.97,0.8,1.864,0.03
300602,300602,飞荣达,2017-01-17,2017-01-26,2500,2250,14.82,15.1,1.0,3.705,0.03
603881,732881,数据港,2017-01-17,,5265,4739,7.8,22.99,2.1,4.107,0.04
300603,300603,立昂技术,2017-01-17,2017-01-26,2570,2313,4.55,22.99,1.0,1.169,0.03
603089,732089,正裕工业,2017-01-16,2017-01-26,2667,2400,11.63,20.11,0.9,3.2110000000000003,0.03
300600,300600,瑞特股份,2017-01-16,2017-01-25,2500,2250,13.73,17.35,1.0,3.4330000000000003,0.03
300578,300578,会畅通讯,2017-01-16,2017-01-25,1800,1800,9.7,22.97,1.8,1.746,0.01
002845,002845,同兴达,2017-01-13,2017-01-25,2400,2160,15.99,22.99,0.95,3.838,0.02
603358,732358,华达科技,2017-01-13,2017-01-25,4000,3600,31.18,19.83,1.6,12.472000000000001,0.03
603966,732966,法兰泰克,2017-01-13,2017-01-25,4000,3600,7.32,22.88,1.6,2.928,0.03
300597,300597,吉大通信,2017-01-12,2017-01-23,6000,5400,5.53,22.99,2.4,3.318,0.04
002839,002839,张家港行,2017-01-12,2017-01-24,18076,16268,4.37,14.64,5.4,7.899,0.07
603429,732429,集友股份,2017-01-12,2017-01-24,1700,1700,15.0,22.97,1.7,2.55,0.01
300599,300599,雄塑科技,2017-01-11,2017-01-23,7600,6840,7.04,22.98,3.0,5.35,0.04
300598,300598,诚迈科技,2017-01-11,2017-01-20,2000,2000,8.73,22.99,2.0,1.746,0.02
601881,780881,中国银河,2017-01-11,2017-01-23,60000,54000,6.81,7.02,18.0,40.86,0.21
002843,002843,泰嘉股份,2017-01-10,2017-01-20,3500,3150,6.08,22.96,1.4,2.128,0.03
603638,732638,艾迪精密,2017-01-10,2017-01-20,4400,3960,6.58,22.98,1.7,2.895,0.03
603037,732037,凯众股份,2017-01-10,2017-01-20,2000,2000,16.01,22.98,2.0,3.202,0.02
603337,732337,杰克股份,2017-01-09,2017-01-19,5167,4650,17.72,22.99,2.0,9.156,0.04
002841,002841,视源股份,2017-01-09,2017-01-19,4050,3645,19.06,22.99,1.15,7.718999999999999,0.03
300592,300592,华凯创意,2017-01-09,2017-01-20,3060,2754,5.21,22.95,1.2,1.5959999999999999,0.03
300596,300596,利安隆,2017-01-06,2017-01-19,3000,2700,11.29,19.17,1.2,3.387,0.03
300595,300595,欧普康视,2017-01-06,2017-01-17,1700,1700,23.81,20.36,1.7,4.048,0.01
601858,780858,中国科传,2017-01-06,2017-01-18,13050,11745,6.84,22.97,3.9,8.926,0.07
603668,732668,天马科技,2017-01-05,2017-01-17,5300,4770,6.21,22.97,2.1,3.2910000000000004,0.04
002842,002842,翔鹭钨业,2017-01-05,2017-01-19,2500,2250,11.42,22.98,1.0,2.855,0.02
603165,732165,荣晟环保,2017-01-05,2017-01-17,3168,2851,10.44,17.13,1.2,3.307,0.03
603038,732038,华立股份,2017-01-04,2017-01-16,1670,1670,23.26,22.98,1.6,3.884,0.01
300589,300589,江龙船艇,2017-01-04,2017-01-13,2167,1950,6.34,22.98,0.85,1.374,0.02
300593,300593,新雷能,2017-01-04,2017-01-13,2889,2600,6.53,22.99,1.15,1.8869999999999998,0.03
603039,732039,泛微网络,2017-01-03,2017-01-13,1667,1667,14.9,22.99,1.6,2.484,0.01
603690,732690,至纯科技,2017-01-03,2017-01-13,5200,4680,1.73,22.88,2.0,0.9,0.04
002824,002824,和胜股份,2017-01-03,2017-01-12,3000,2700,9.8,22.98,1.2,2.94,0.02
603639,732639,海利尔,2016-12-30,2017-01-12,3000,2700,24.95,22.95,1.2,7.485,0.03
300580,300580,贝斯特,2016-12-30,2017-01-11,5000,4500,9.59,22.98,1.5,4.795,0.04
300584,300584,海辰药业,2016-12-30,2017-01-12,2000,2000,11.11,22.99,2.0,2.222,0.02
300590,300590,移为通信,2016-12-29,2017-01-11,2000,2000,28.48,22.99,2.0,5.696000000000001,0.02
603628,732628,清源股份,2016-12-29,2017-01-12,6845,6161,5.57,22.99,2.7,3.813,0.04
603579,732579,荣泰健康,2016-12-29,2017-01-11,1750,1750,44.66,22.89,1.7,7.816,0.02
603689,732689,皖天然气,2016-12-28,2017-01-10,8400,7560,7.87,22.98,3.3,6.611000000000001,0.05
603266,732266,天龙股份,2016-12-28,2017-01-10,2500,2250,14.63,22.99,1.0,3.658,0.03
300591,300591,万里马,2016-12-28,2017-01-10,6000,5400,3.07,22.98,2.4,1.8419999999999999,0.04
002840,002840,华统股份,2016-12-27,2017-01-10,4467,4020,6.55,22.97,1.75,2.926,0.03
603877,732877,太平鸟,2016-12-27,2017-01-09,5500,4950,21.3,22.97,1.6,11.715,0.04
300583,300583,赛托生物,2016-12-27,2017-01-06,2667,2400,40.29,22.99,0.95,10.744000000000002,0.03
002838,002838,道恩股份,2016-12-26,2017-01-06,2100,1890,15.28,22.99,0.8,3.2089999999999996,0.02
300587,300587,天铁股份,2016-12-26,2017-01-05,2600,2340,14.11,22.98,1.0,3.6689999999999996,0.03
603228,732228,景旺电子,2016-12-26,2017-01-06,4800,4320,23.16,22.97,1.4,11.117,0.04
300588,300588,熙菱信息,2016-12-23,2017-01-05,2500,2250,4.94,22.98,1.0,1.235,0.03
300588,300588,熙菱信息,2016-12-23,2017-01-05,2500,2250,4.94,22.98,1.0,1.235,0.03
603035,732035,常熟汽饰,2016-12-23,2017-01-05,7000,6300,10.44,15.09,2.8,7.31,0.04
603444,732444,吉比特,2016-12-22,2017-01-04,1780,1780,54.0,22.96,1.7,9.612,0.02
300586,300586,美联新材,2016-12-22,2017-01-04,2400,2160,9.3,22.99,0.95,2.2319999999999998,0.03
603186,732186,华正新材,2016-12-22,2017-01-03,3235,2912,5.37,22.97,1.2,1.7369999999999999,0.03
603239,732239,浙江仙通,2016-12-21,2016-12-30,2256,2030,21.84,22.99,0.8,4.927,0.03
002836,002836,新宏泽,2016-12-21,2016-12-29,2000,2000,8.09,17.74,2.0,1.618,0.01
300585,300585,奥联电子,2016-12-20,2016-12-29,2000,2000,9.86,20.74,2.0,1.972,0.02
603929,732929,亚翔集成,2016-12-20,2016-12-30,5336,4802,4.94,13.35,2.1,2.641,0.04
603218,732218,日月股份,2016-12-19,2016-12-28,4100,3690,23.9,22.99,1.2,9.799,0.04
002833,002833,弘亚数控,2016-12-19,2016-12-28,3336,3002,10.11,15.56,1.3,3.3760000000000003,0.03
002837,002837,英维克,2016-12-19,2016-12-29,2000,2000,18.0,22.22,2.0,3.6,0.01
601375,780375,中原证券,2016-12-16,2017-01-03,70000,63000,4.0,11.23,21.0,28.0,0.24
300582,300582,英飞特,2016-12-16,2016-12-28,3300,2970,14.85,22.98,1.3,4.901,0.03
603886,732886,元祖股份,2016-12-15,2016-12-28,6000,5400,10.16,22.98,2.4,6.096,0.04
002835,002835,同为股份,2016-12-15,2016-12-28,2700,2430,12.34,22.98,1.05,3.332,0.02
002832,002832,比音勒芬,2016-12-14,2016-12-23,2667,2400,26.17,22.99,1.05,6.98,0.02
603298,732298,杭叉集团,2016-12-14,2016-12-27,8666,7799,12.67,22.97,2.5,10.98,0.06
600996,730996,贵广网络,2016-12-13,2016-12-26,21000,18900,8.92,22.99,6.3,18.732,0.1
603058,732058,永吉股份,2016-12-12,2016-12-23,4216,3794,4.76,22.96,1.2,2.4459999999999997,0.04
300579,300579,数字认证,2016-12-12,2016-12-23,2000,2000,13.32,22.99,2.0,2.6639999999999997,0.02
603577,732577,汇金通,2016-12-09,2016-12-22,2918,2626,11.1,22.98,1.1,3.239,0.03
300581,300581,晨曦航空,2016-12-09,2016-12-20,1130,1130,24.23,22.99,1.1,2.738,0.01
603416,732416,信捷电气,2016-12-08,2016-12-21,2510,2259,17.85,22.98,1.0,4.48,0.03
300577,300577,开润股份,2016-12-08,2016-12-21,1667,1667,19.58,22.99,1.65,3.264,0.01
300576,300576,容大感光,2016-12-07,2016-12-20,2000,2000,8.24,22.99,2.0,1.6480000000000001,0.02
603823,732823,百合花,2016-12-07,2016-12-20,5625,4050,10.6,22.08,2.2,4.84,0.03
603878,732878,武进不锈,2016-12-06,2016-12-19,5050,4545,14.87,22.98,2.0,8.912,0.04
300575,300575,中旗股份,2016-12-06,2016-12-20,1835,1835,22.29,18.12,1.8,4.09,0.01
002831,002831,裕同科技,2016-12-05,2016-12-16,4001,3601,36.77,22.99,1.2,14.712,0.03
603389,732389,亚振家居,2016-12-05,2016-12-15,5475,4928,7.79,22.97,2.1,4.265,0.04
002829,002829,星网宇达,2016-12-02,2016-12-13,1900,1900,17.65,22.99,1.9,3.353,0.01
603585,732585,苏利股份,2016-12-02,2016-12-14,2500,2250,26.79,22.99,1.0,6.697,0.03
002830,002830,名雕股份,2016-12-01,2016-12-13,1667,1667,16.53,22.96,1.65,2.7560000000000002,0.01
603098,732098,森特股份,2016-12-01,2016-12-16,6251,5626,9.18,22.98,1.8,5.7379999999999995,0.05
300571,300571,平治信息,2016-11-30,2016-12-13,1000,1000,12.04,22.97,1.0,1.204,0.01
603708,732708,家家悦,2016-11-30,2016-12-13,9000,8100,13.64,21.65,3.6,12.277999999999999,0.05
300573,300573,兴齐眼药,2016-11-29,2016-12-08,2000,2000,5.16,22.97,2.0,1.033,0.02
603928,732928,兴业股份,2016-11-29,2016-12-12,5040,4536,10.12,19.06,2.0,5.101,0.04
002828,002828,贝肯能源,2016-11-28,2016-12-08,2930,2637,12.02,22.97,1.1,3.522,0.03
603036,732036,如通股份,2016-11-28,2016-12-09,5084,4576,6.84,22.95,2.0,3.477,0.04
603990,732990,麦迪科技,2016-11-25,2016-12-08,2000,2000,9.69,22.99,2.0,1.9380000000000002,0.02
002827,002827,高争民爆,2016-11-25,2016-12-09,4600,4140,8.23,22.97,1.8,3.786,0.03
603033,732033,三维股份,2016-11-24,2016-12-07,2270,2043,17.55,18.09,0.8,3.984,0.03
300570,300570,太辰光,2016-11-24,2016-12-06,3194,2875,20.59,22.99,1.15,6.577000000000001,0.03
300572,300572,安车检测,2016-11-23,2016-12-06,1667,1667,13.79,22.98,1.65,2.299,0.01
600909,730909,华安证券,2016-11-23,2016-12-06,80000,72000,6.41,12.44,24.0,51.28,0.27
002826,002826,易明医药,2016-11-22,2016-12-09,4743,4269,6.06,22.98,1.85,2.8739999999999997,0.03
603319,732319,湘油泵,2016-11-21,2016-11-30,2023,1821,10.46,22.98,0.7,2.116,0.03
300568,300568,星源材质,2016-11-21,2016-12-01,3000,2700,21.65,22.99,1.2,6.495,0.03
002825,002825,纳尔股份,2016-11-18,2016-11-29,2500,2250,10.17,18.62,1.0,2.544,0.02
603559,732559,中通国脉,2016-11-18,2016-12-02,2200,1980,10.34,22.98,0.6,2.275,0.03
603660,732660,苏州科达,2016-11-17,2016-12-01,6250,4500,8.03,17.55,2.5,4.075,0.03
002822,002822,中装建设,2016-11-17,2016-11-29,7500,6750,10.23,21.35,3.0,7.676,0.04
300569,300569,天能重工,2016-11-16,2016-11-25,2084,1876,41.57,20.08,0.8,8.663,0.03
603323,732323,吴江银行,2016-11-16,2016-11-29,11150,10035,6.83,12.62,3.3,7.615,0.07
603819,732819,神力股份,2016-11-15,2016-11-25,3000,2700,8.77,22.98,0.9,2.6310000000000002,0.04
002823,002823,凯中精密,2016-11-15,2016-11-24,3600,3240,13.73,22.97,1.4,4.9430000000000005,0.03
603336,732336,宏辉果蔬,2016-11-14,2016-11-24,3335,3002,9.31,20.68,1.2,3.105,0.03
300567,300567,精测电子,2016-11-11,2016-11-22,2000,2000,19.92,22.99,2.0,3.984,0.02
603900,732900,通灵珠宝,2016-11-11,2016-11-23,6080,5472,14.25,19.52,2.4,8.664,0.04
300565,300565,科信技术,2016-11-10,2016-11-22,4000,3600,8.78,22.98,1.5,3.512,0.03
603727,732727,博迈科,2016-11-10,2016-11-22,5870,5283,20.81,22.99,2.3,12.215,0.04
603987,732987,康德莱,2016-11-09,2016-11-21,5260,4734,9.5,22.99,2.0,4.997,0.04
002821,002821,凯莱英,2016-11-09,2016-11-18,2822,2058,30.53,22.95,1.1,7.066,0.02
002820,002820,桂发祥,2016-11-08,2016-11-18,3200,2880,16.6,22.99,1.25,5.312,0.03
603858,732858,步长制药,2016-11-08,2016-11-18,6980,6282,55.88,22.99,2.0,39.004,0.05
300562,300562,乐心医疗,2016-11-07,2016-11-16,1480,1480,15.63,22.99,1.45,2.313,0.01
603633,732633,徕木股份,2016-11-07,2016-11-17,3009,2708,6.75,22.98,1.2,2.031,0.03
300561,300561,汇金科技,2016-11-04,2016-11-17,1400,1400,26.11,22.99,1.4,3.655,0.01
300566,300566,激智科技,2016-11-03,2016-11-15,1990,1990,14.94,22.98,1.95,2.9730000000000003,0.02
601229,780229,上海银行,2016-11-02,2016-11-16,60045,54041,17.77,8.26,18.0,106.7,0.23
300563,300563,神宇股份,2016-11-02,2016-11-14,2000,2000,8.84,22.99,2.0,1.768,0.02
603977,732977,国泰集团,2016-11-01,2016-11-11,5528,4975,6.45,14.81,2.0,3.5660000000000003,0.04
603556,732556,海兴电力,2016-10-31,2016-11-10,9334,8401,23.63,21.32,3.7,22.065,0.06
603060,732060,国检集团,2016-10-28,2016-11-09,5500,4950,10.04,22.97,2.2,5.522,0.04
002819,002819,东方中科,2016-10-28,2016-11-11,2834,2551,4.96,22.95,1.1,1.406,0.03
603203,732203,快克股份,2016-10-27,2016-11-08,2300,2070,16.5,21.04,0.9,3.795,0.03
300558,300558,贝达药业,2016-10-27,2016-11-07,4100,3690,17.57,22.99,1.2,7.204,0.04
300556,300556,丝路视觉,2016-10-26,2016-11-04,2780,2502,5.54,22.99,1.1,1.54,0.03
002818,002818,富森美,2016-10-25,2016-11-09,4400,3960,23.49,22.99,1.3,10.335999999999999,0.04
601882,780882,海天精工,2016-10-25,2016-11-07,5220,4698,1.5,22.98,1.5,4.305,0.05
300557,300557,理工光科,2016-10-21,2016-11-01,1400,1400,13.91,22.99,1.4,1.9469999999999998,0.01
300560,300560,中富通,2016-10-20,2016-11-01,1753,1753,10.26,22.99,1.75,1.7990000000000002,0.02
300559,300559,佳发安泰,2016-10-19,2016-11-01,1800,1800,17.56,22.99,1.8,3.161,0.02
603716,732716,塞力斯,2016-10-19,2016-10-31,1274,1274,26.91,22.98,1.2,3.428,0.02
603888,732888,新华网,2016-10-18,2016-10-28,5190,4672,27.69,22.99,2.0,14.372,0.04
603258,732258,电魂网络,2016-10-17,2016-10-26,6000,5400,15.62,18.16,2.4,9.372,0.05
600926,730926,杭州银行,2016-10-14,2016-10-27,26175,23558,14.39,10.23,7.8,37.666,0.13
002817,002817,黄山胶囊,2016-10-13,2016-10-25,2167,1950,13.88,22.98,0.85,3.008,0.02
002816,002816,和科达,2016-10-12,2016-10-25,2500,2250,8.29,22.98,1.0,2.072,0.03
603667,732667,五洲新春,2016-10-12,2016-10-25,5060,4554,8.8,22.96,2.0,4.453,0.04
603859,732859,能科股份,2016-10-11,2016-10-21,2839,2555,7.54,22.97,1.1,2.141,0.03
300552,300552,万集科技,2016-10-11,2016-10-21,2670,2403,12.25,20.91,1.05,3.2710000000000004,0.03
300553,300553,集智股份,2016-10-10,2016-10-21,1200,1200,14.08,22.99,1.2,1.69,0.01
300550,300550,和仁科技,2016-09-30,2016-10-18,2000,2000,12.53,22.99,2.0,2.506,0.02
300555,300555,路通视信,2016-09-29,2016-10-18,2000,2000,15.4,22.99,2.0,3.08,0.02
300551,300551,古鳌科技,2016-09-28,2016-10-18,1836,1836,12.48,22.88,1.8,2.291,0.02
603160,732160,汇顶科技,2016-09-28,2016-10-17,4500,4050,19.42,22.99,1.3,8.738999999999999,0.05
603816,732816,顾家家居,2016-09-27,2016-10-14,8250,7425,24.66,22.99,2.4,20.345,0.06
300548,300548,博创科技,2016-09-26,2016-10-12,2067,1860,11.75,22.97,0.8,2.4290000000000003,0.03
603313,732313,梦百合,2016-09-26,2016-10-13,6000,5400,15.41,22.66,2.4,9.246,0.05
603777,732777,来伊份,2016-09-23,2016-10-12,6000,5400,11.67,22.98,2.4,7.002000000000001,0.05
002813,002813,路畅科技,2016-09-23,2016-10-12,3000,2700,6.89,22.97,1.2,2.0669999999999997,0.03
603421,732421,鼎信通讯,2016-09-22,2016-10-11,4340,3906,14.02,22.99,1.3,6.085,0.05
002815,002815,崇达技术,2016-09-22,2016-10-12,5000,4500,16.31,22.98,1.5,8.155,0.04
603887,732887,城地股份,2016-09-21,2016-10-10,2460,2214,12.13,22.97,0.9,3.647,0.03
300547,300547,川环科技,2016-09-21,2016-09-30,1495,1495,22.07,22.99,1.45,3.299,0.02
601128,780128,常熟银行,2016-09-20,2016-09-30,22227,20005,4.28,9.89,6.6,9.513,0.12
300549,300549,优德精密,2016-09-20,2016-09-30,1667,1667,15.03,22.99,1.65,2.506,0.02
300546,300546,雄帝科技,2016-09-19,2016-09-28,1334,1334,20.43,22.99,1.3,2.725,0.01
300545,300545,联得装备,2016-09-14,2016-09-28,1783,1783,13.5,22.98,1.75,2.407,0.02
603738,732738,泰晶科技,2016-09-14,2016-09-28,1668,1668,16.14,22.99,1.6,2.6919999999999997,0.02
600908,730908,无锡银行,2016-09-08,2016-09-23,18481,16633,4.47,9.91,5.5,8.261000000000001,0.1
300536,300536,农尚环境,2016-09-06,2016-09-20,2328,2095,9.06,18.12,0.9,2.11,0.03
601500,780500,通用股份,2016-09-05,2016-09-19,17492,15743,4.92,22.98,5.2,8.606,0.1
300542,300542,新晨科技,2016-09-05,2016-09-20,2255,2030,8.21,22.98,0.85,1.851,0.03
300541,300541,先进数通,2016-09-02,2016-09-13,3000,2700,11.07,22.98,1.2,3.321,0.03
603189,732189,网达软件,2016-09-02,2016-09-14,5520,4968,7.26,22.97,2.2,4.008,0.05
300534,300534,陇神戎发,2016-09-01,2016-09-13,2167,1950,13.64,22.99,0.85,2.9560000000000004,0.03
603067,732067,振华股份,2016-09-01,2016-09-13,5500,4950,6.13,22.98,2.2,3.372,0.04
002812,002812,创新股份,2016-08-31,2016-09-14,3348,3013,23.41,22.99,1.3,7.837999999999999,0.03
603393,732393,新天然气,2016-08-31,2016-09-12,4000,3600,26.66,22.99,1.6,10.22,0.04
002811,002811,亚泰国际,2016-08-30,2016-09-08,4500,4050,13.99,22.98,1.8,6.295,0.03
601163,780163,三角轮胎,2016-08-30,2016-09-09,20000,18000,22.07,22.98,6.0,44.14,0.11
300543,300543,朗科智能,2016-08-25,2016-09-08,1500,1500,22.52,22.46,1.5,3.378,0.02
002807,002807,江阴银行,2016-08-24,2016-09-02,20945,18850,4.64,10.17,5.9,9.718,0.1
603843,732843,正平股份,2016-08-24,2016-09-05,9970,8973,5.03,22.97,2.9,5.015,0.07
603658,732658,安图生物,2016-08-19,2016-09-01,4200,3780,14.58,22.99,1.2,6.124,0.05
300539,300539,横河模具,2016-08-19,2016-08-30,2375,2138,6.12,22.96,0.9,1.454,0.03
300537,300537,广信材料,2016-08-17,2016-08-30,2500,2250,9.19,22.98,1.0,3.0380000000000003,0.03
603090,732090,宏盛股份,2016-08-16,2016-08-31,2500,2250,8.47,22.98,1.0,2.1180000000000003,0.03
002810,002810,山东赫达,2016-08-16,2016-08-26,2398,2158,9.91,22.98,0.85,2.376,0.03
603007,732007,花王股份,2016-08-12,2016-08-26,3335,3002,11.66,22.97,1.3,3.889,0.04
300538,300538,同益股份,2016-08-12,2016-08-26,1400,1400,15.85,22.98,1.4,2.219,0.02
002809,002809,红墙股份,2016-08-11,2016-08-23,2000,2000,22.46,22.69,2.0,4.492,0.02
300540,300540,深冷股份,2016-08-10,2016-08-23,2000,2000,16.67,22.98,2.0,3.3339999999999996,0.02
603031,732031,安德利,2016-08-10,2016-08-22,2000,2000,11.71,22.99,2.0,2.342,0.02
603515,732515,欧普照明,2016-08-09,2016-08-19,5800,5220,14.94,22.99,1.7,8.665,0.06
300533,300533,冰川网络,2016-08-09,2016-08-18,2500,2250,37.02,21.97,1.0,9.255,0.03
603986,732986,兆易创新,2016-08-08,2016-08-18,2500,2250,23.26,16.41,1.0,5.815,0.03
601595,780595,上海电影,2016-08-05,2016-08-17,9350,8415,10.19,22.25,3.7,9.537,0.06
300532,300532,今天国际,2016-08-05,2016-08-18,2100,1890,16.32,22.99,0.8,3.427,0.03
601997,780997,贵阳银行,2016-08-04,2016-08-16,50000,45000,8.49,6.08,15.0,42.45,0.22
002808,002808,苏州恒久,2016-08-03,2016-08-12,3000,2700,7.71,22.99,1.2,2.314,0.03
600936,730936,广西广电,2016-08-03,2016-08-15,30000,27000,4.8,22.86,9.0,14.4,0.15
603159,732159,上海亚虹,2016-08-02,2016-08-12,2500,2250,6.88,18.3,1.0,1.72,0.03
300535,300535,达威股份,2016-08-01,2016-08-12,1494,1494,18.5,22.98,1.45,2.764,0.02
300530,300530,达志科技,2016-07-29,2016-08-09,1750,1750,11.95,22.98,1.75,2.0909999999999997,0.02
603569,732569,长久物流,2016-07-29,2016-08-10,4001,3601,15.43,22.98,1.2,6.1739999999999995,0.05
600977,730977,中国电影,2016-07-28,2016-08-09,46700,42030,8.92,22.98,14.0,41.656000000000006,0.22
300531,300531,优博讯,2016-07-27,2016-08-09,2000,2000,13.36,22.98,2.0,2.6719999999999997,0.02
601811,780811,新华文轩,2016-07-27,2016-08-08,9871,8884,7.12,14.67,2.9,7.028,0.08
300528,300528,幸福蓝海,2016-07-26,2016-08-08,7763,6987,6.62,22.98,3.1,5.14,0.05
300527,300527,华舟应急,2016-07-25,2016-08-05,11570,10413,6.64,22.99,3.45,7.682,0.08
300529,300529,健帆生物,2016-07-22,2016-08-02,4200,3780,10.8,22.98,1.2,4.5360000000000005,0.05
300526,300526,中潜股份,2016-07-21,2016-08-02,2125,1913,10.5,22.99,0.7,2.231,0.04
600919,730919,江苏银行,2016-07-20,2016-08-02,115445,103900,6.27,7.64,34.6,72.384,0.47
603663,732663,三祥新材,2016-07-19,2016-08-01,3355,3020,5.28,22.98,1.3,1.771,0.04
603322,732322,超讯通信,2016-07-18,2016-07-28,2000,2000,11.99,22.98,2.0,2.398,0.02
300525,300525,博思软件,2016-07-15,2016-07-26,1710,1710,11.68,22.99,1.7,1.9969999999999999,0.02
002806,002806,华锋股份,2016-07-14,2016-07-26,2000,2000,6.2,22.96,2.0,1.24,0.02
300523,300523,辰安科技,2016-07-13,2016-07-26,2000,2000,21.92,22.99,2.0,4.3839999999999995,0.02
300517,300517,海波重科,2016-07-07,2016-07-19,2560,2304,10.04,22.97,1.0,2.57,0.04
002803,002803,吉宏股份,2016-06-30,2016-07-12,2900,2610,6.37,22.84,1.15,3.0039999999999996,0.03
603069,732069,海汽集团,2016-06-29,2016-07-12,7900,7110,3.82,18.2,2.3,3.0180000000000002,0.08
300520,300520,科大国创,2016-06-28,2016-07-08,2300,2070,10.05,22.84,0.9,2.312,0.04
002805,002805,丰元股份,2016-06-27,2016-07-07,2423,2181,5.8,22.97,0.95,1.405,0.03
300521,300521,爱司凯,2016-06-24,2016-07-05,2000,2000,11.26,22.98,2.0,2.252,0.02
300522,300522,世名科技,2016-06-23,2016-07-05,1667,1667,18.55,22.98,1.65,3.092,0.02
601966,780966,玲珑轮胎,2016-06-22,2016-07-06,20000,18000,12.98,22.97,6.0,25.96,0.14
603016,732016,新宏泰,2016-06-21,2016-07-01,3705,3335,8.49,19.3,1.4,3.148,0.05
002802,002802,洪汇新材,2016-06-20,2016-06-29,2700,2430,9.52,22.98,1.05,2.57,0.03
603958,732958,哈森股份,2016-06-17,2016-06-29,5436,4892,9.15,22.98,2.1,4.974,0.06
603909,732909,合诚股份,2016-06-16,2016-06-28,2500,2250,10.55,21.0,1.0,2.638,0.04
300518,300518,盛讯达,2016-06-15,2016-06-24,2334,2101,22.22,22.68,0.9,5.188,0.04
002801,002801,微光股份,2016-06-13,2016-06-22,1472,1472,19.51,15.24,1.45,2.872,0.02
300519,300519,新光药业,2016-06-08,2016-06-24,2000,2000,12.2,8.26,2.0,2.44,0.02
601127,780127,小康股份,2016-05-31,2016-06-15,14250,12825,5.81,18.19,4.2,8.55,0.11
300515,300515,三德科技,2016-05-30,2016-06-08,2500,2250,8.57,22.98,1.0,2.1430000000000002,0.04
002799,002799,环球印务,2016-05-27,2016-06-08,2500,2250,7.98,22.99,1.0,1.995,0.03
603131,732131,上海沪工,2016-05-26,2016-06-07,2500,2250,10.09,22.98,1.0,2.522,0.04
601611,780611,中国核建,2016-05-25,2016-06-06,52500,47250,3.47,15.6,15.7,20.212,0.28
300516,300516,久之洋,2016-05-24,2016-06-02,3000,2700,22.5,22.98,1.2,6.75,0.04
603737,732737,三棵树,2016-05-23,2016-06-03,2500,2250,15.94,18.09,1.0,3.987,0.04
002800,002800,天顺股份,2016-05-19,2016-05-30,1868,1868,7.7,19.77,1.85,1.4380000000000002,0.02
300513,300513,恒泰实达,2016-05-18,2016-05-30,1906,1906,11.73,22.98,1.9,2.2359999999999998,0.02
300512,300512,中亚股份,2016-05-17,2016-05-26,3375,3038,20.91,22.96,1.3,7.057,0.05
002798,002798,帝王洁具,2016-05-16,2016-05-25,2160,1944,10.57,22.98,0.85,2.283,0.03
603339,732339,四方冷链,2016-05-06,2016-05-19,5170,4653,10.19,18.99,1.9,5.268,0.06
603959,732959,百利科技,2016-05-05,2016-05-17,5600,5040,6.03,22.96,2.2,3.377,0.06
603779,732779,威龙股份,2016-05-04,2016-05-16,5020,4518,4.61,22.45,2.0,5.54,0.05
002797,002797,第一创业,2016-04-29,2016-05-11,21900,19710,10.64,22.99,6.55,0.0,0.12
002796,002796,世嘉科技,2016-04-27,2016-05-10,2000,2000,12.95,22.33,2.0,2.59,0.02
300510,300510,金冠电气,2016-04-26,2016-05-06,2180,1962,12.3,22.99,0.85,2.681,0.04
603101,732101,汇嘉时代,2016-04-25,2016-05-06,6000,5400,8.81,22.98,2.4,5.2860000000000005,0.06
300511,300511,雪榕生物,2016-04-22,2016-05-04,3750,3375,16.82,22.98,1.5,6.308,0.05
603528,732528,多伦科技,2016-04-21,2016-05-03,5168,4651,9.45,6.41,1.9,4.8839999999999995,0.06
300507,300507,苏奥传感,2016-04-20,2016-04-29,1667,1667,24.92,22.99,1.65,4.154,0.02
002795,002795,永和智控,2016-04-19,2016-04-28,2500,2250,14.85,22.99,1.0,3.7119999999999997,0.03
603822,732822,嘉澳环保,2016-04-18,2016-04-28,1835,1835,11.76,22.97,1.8,2.158,0.02
603029,732029,天鹅股份,2016-04-15,2016-04-27,2334,2101,8.93,22.98,0.8,2.084,0.04
300509,300509,新美星,2016-04-14,2016-04-25,2000,2000,13.22,22.98,2.0,2.6439999999999997,0.02
603726,732726,朗迪集团,2016-04-11,2016-04-21,2368,2131,11.73,19.23,0.9,2.778,0.04
300508,300508,维宏股份,2016-04-08,2016-04-19,1421,1064,20.08,22.98,0.55,2.412,0.03
002793,002793,东音股份,2016-04-06,2016-04-15,2500,2250,11.97,14.64,1.0,2.9939999999999998,0.04
603868,732868,飞科电器,2016-04-05,2016-04-18,4360,3924,18.03,16.52,1.3,7.864,0.06
603701,732701,德宏股份,2016-03-30,2016-04-12,1960,1960,13.5,21.6,1.9,2.6460000000000004,0.03
603798,732798,康普顿,2016-03-23,2016-04-06,2500,2250,14.33,17.47,1.0,3.583,0.04
300474,300474,景嘉微,2016-03-22,2016-03-31,3350,3015,13.64,21.25,1.3,4.573,0.05
603028,732028,赛福天,2016-03-21,2016-03-31,5520,4968,4.26,22.94,2.2,2.352,0.06
002791,002791,坚朗五金,2016-03-18,2016-03-29,5359,3992,21.57,21.68,2.1,9.672,0.04
002792,002792,通宇通讯,2016-03-17,2016-03-28,3750,2700,22.94,9.74,1.5,6.996,0.04
300506,300506,名家汇,2016-03-15,2016-03-24,3000,2700,8.58,22.96,1.2,2.574,0.05
300484,300484,蓝海华腾,2016-03-11,2016-03-22,1300,1300,18.75,19.83,1.3,2.438,0.02
603861,732861,白云电器,2016-03-09,2016-03-22,4910,4419,8.5,22.97,1.4,4.176,0.07
300505,300505,川金诺,2016-03-04,2016-03-15,2335,2102,10.25,22.98,0.9,2.3930000000000002,0.05
601020,780020,华钰矿业,2016-03-03,2016-03-16,5200,4680,7.18,22.97,1.5,3.734,0.07
002789,002789,建艺集团,2016-03-02,2016-03-11,2030,1827,22.53,21.33,0.8,4.574,0.04
603919,732919,金徽酒,2016-03-01,2016-03-10,7000,6300,10.94,18.47,2.8,7.659,0.07
300503,300503,昊志机电,2016-02-29,2016-03-09,2500,2250,7.72,22.98,1.0,1.93,0.05
603520,732520,司太立,2016-02-26,2016-03-09,3000,2700,12.15,22.98,1.2,3.645,0.05
002790,002790,瑞尔特,2016-02-25,2016-03-08,4000,3600,16.58,19.78,1.6,6.635,0.05
603027,732027,千禾味业,2016-02-24,2016-03-07,4000,3600,9.19,22.98,1.6,3.676,0.05
300502,300502,新易盛,2016-02-23,2016-03-03,1940,1940,21.47,18.58,1.9,4.165,0.03
603608,732608,天创时尚,2016-02-01,2016-02-18,7000,6300,9.8,22.98,2.8,6.86,0.08
002788,002788,鹭燕医药,2016-01-29,2016-02-18,3205,2885,18.65,22.97,1.25,5.977,0.04
601900,780900,南方传媒,2016-01-28,2016-02-15,16910,15219,6.13,22.97,5.0,10.374,0.13
603377,732377,东方时尚,2016-01-27,2016-02-05,5000,4500,16.4,21.74,1.5,8.665,0.07
300501,300501,海顺新材,2016-01-26,2016-02-04,1338,1338,22.02,22.99,1.3,2.946,0.02
300500,300500,苏州设计,2016-01-25,2016-02-04,1500,1500,20.91,22.98,1.5,3.136,0.02
300499,300499,高澜股份,2016-01-22,2016-02-02,1667,1667,15.52,22.97,1.65,2.5869999999999997,0.02
002778,002778,高科石化,2015-12-24,2016-01-06,2230,2007,8.5,22.97,0.85,1.661,0.19
300491,300491,通合科技,2015-12-23,2015-12-31,2000,1800,10.48,22.98,0.8,2.096,0.18
002777,002777,久远银海,2015-12-23,2015-12-31,2000,1800,11.46,17.72,0.8,1.891,0.14
603778,732778,乾景园林,2015-12-23,2015-12-31,2000,1800,18.98,19.57,0.8,4.013999999999999,0.17
603299,732299,井神股份,2015-12-23,2015-12-31,9000,8100,3.69,22.92,2.7,3.3289999999999997,0.25
002787,002787,华源控股,2015-12-23,2015-12-31,3520,3168,11.37,22.86,1.4,4.002,0.21
300490,300490,华自科技,2015-12-23,2015-12-31,2500,2250,9.09,22.98,1.0,2.272,0.17
300494,300494,盛天网络,2015-12-23,2015-12-31,3000,2700,18.1,20.85,1.2,5.431,0.19
002785,002785,万里石,2015-12-14,2015-12-23,5000,4500,2.29,22.9,2.0,1.145,0.18
002781,002781,奇信股份,2015-12-14,2015-12-22,5625,4050,13.31,20.35,2.25,6.117000000000001,0.27
603996,732996,中新科技,2015-12-14,2015-12-22,5010,4509,10.52,22.96,2.0,5.271,0.24
603508,732508,思维列控,2015-12-14,2015-12-24,4000,3600,33.56,22.99,1.2,13.424000000000001,0.4
300492,300492,山鼎设计,2015-12-14,2015-12-23,2080,1872,6.9,22.96,0.8,2.05,0.19
300495,300495,美尚生态,2015-12-14,2015-12-22,1670,1503,31.82,20.27,0.65,5.421,0.29
002782,002782,可立克,2015-12-14,2015-12-22,4260,3834,7.58,22.97,1.7,3.2289999999999996,0.22
603866,732866,桃李面包,2015-12-14,2015-12-22,4501,4051,13.76,22.98,1.3,6.196000000000001,0.41
002786,002786,银宝山新,2015-12-14,2015-12-23,3178,2860,10.72,22.81,1.25,3.407,0.24
300497,300497,富祥股份,2015-12-11,2015-12-22,1800,1620,15.33,21.79,0.7,2.76,0.16
300496,300496,中科创达,2015-12-02,2015-12-10,2500,2250,23.27,22.99,1.0,5.817,0.24
603800,732800,道森股份,2015-12-01,2015-12-10,5200,4680,10.95,21.15,2.0,5.694,0.32
603398,732398,邦宝益智,2015-12-01,2015-12-09,2400,2160,13.97,22.99,0.9,3.353,0.23
002780,002780,三夫户外,2015-12-01,2015-12-09,1700,1530,9.42,22.95,0.65,1.601,0.15
603936,732936,博敏电子,2015-12-01,2015-12-09,4185,3767,8.06,22.98,1.6,3.373,0.23
002779,002779,中坚科技,2015-12-01,2015-12-09,2200,1980,12.11,18.97,0.85,2.6639999999999997,0.16
603999,732999,读者传媒,2015-12-01,2015-12-10,6000,5400,9.77,19.85,2.4,5.8629999999999995,0.25
603696,732696,安记食品,2015-12-01,2015-12-09,3000,2700,10.1,22.95,1.2,3.03,0.28
300493,300493,润欣科技,2015-12-01,2015-12-10,3000,2700,6.87,22.97,1.2,2.061,0.15
002783,002783,凯龙股份,2015-11-30,2015-12-09,2087,1878,28.68,22.98,0.8,5.986000000000001,0.22
300488,300488,恒锋工具,2015-06-23,2015-07-01,1563,1126,20.11,19.3,0.6,2.516,0.15
300480,300480,光力科技,2015-06-23,2015-07-02,2300,2070,7.28,22.99,0.9,1.675,0.16
002770,002770,科迪乳业,2015-06-19,2015-06-30,6840,6156,6.85,20.81,2.7,4.685,0.49
300489,300489,中飞股份,2015-06-19,2015-07-01,1135,1022,17.56,22.97,0.45,1.993,0.41
300481,300481,濮阳惠成,2015-06-19,2015-06-30,2000,1800,9.13,22.95,0.8,1.8259999999999998,0.47
603085,732085,天成自控,2015-06-19,2015-06-30,2500,2250,7.27,22.98,1.0,1.818,0.27
300487,300487,蓝晓科技,2015-06-19,2015-07-02,2000,1800,14.83,20.32,0.8,2.966,0.47
603979,732979,金诚信,2015-06-19,2015-06-30,9500,8550,17.19,22.98,3.8,16.332,0.78
603223,732223,恒通股份,2015-06-19,2015-06-30,3000,2700,8.31,22.97,1.2,2.4930000000000003,0.35
300486,300486,东杰智能,2015-06-19,2015-06-30,3472,3125,8.94,22.96,1.35,3.1069999999999998,0.37
300482,300482,万孚生物,2015-06-19,2015-06-30,2200,1980,16.0,18.56,0.85,3.52,0.39
603117,732117,万林股份,2015-06-18,2015-06-29,6000,5400,5.93,22.98,1.8,3.5580000000000003,0.31
002771,002771,真视通,2015-06-18,2015-06-29,2000,1800,12.78,22.98,0.8,2.556,0.19
002768,002768,国恩股份,2015-06-18,2015-06-30,2000,1800,17.47,22.99,0.8,3.4939999999999998,0.44
603589,732589,口子窖,2015-06-18,2015-06-29,6000,5400,16.0,22.98,1.8,9.6,0.69
002769,002769,普路通,2015-06-18,2015-06-29,1850,1665,28.49,19.64,0.7,5.271,0.41
002776,002776,柏堡龙,2015-06-18,2015-06-26,2622,2360,23.29,22.98,1.0,6.107,0.6
603116,732116,红蜻蜓,2015-06-18,2015-06-29,5880,5292,17.7,22.94,1.7,10.412,0.77
601211,780211,国泰君安,2015-06-18,2015-06-26,152500,106750,19.71,22.99,45.7,300.577,1.57
300483,300483,沃施股份,2015-06-18,2015-06-30,1550,1395,11.39,22.99,0.6,1.765,0.32
603116,732116,红蜻蜓,2015-06-18,2015-06-29,5880,5292,17.7,22.94,1.7,10.412,0.77
601211,780211,国泰君安,2015-06-18,2015-06-26,152500,106750,19.71,22.99,45.7,300.577,1.57
002772,002772,众兴菌业,2015-06-17,2015-06-26,3725,3353,13.0,22.98,1.45,4.843,0.22
002773,002773,康弘药业,2015-06-17,2015-06-26,4560,4104,13.62,22.98,1.35,6.211,0.23
300485,300485,赛升药业,2015-06-17,2015-06-26,3000,2700,38.46,22.99,1.2,11.538,0.37
300471,300471,厚普股份,2015-06-03,2015-06-11,1780,1332,54.01,21.85,0.7,8.12,0.53
603616,732616,韩建河山,2015-06-03,2015-06-11,3668,3301,11.35,20.64,1.3,4.166,0.33
601968,780968,宝钢包装,2015-06-03,2015-06-11,20833,18750,3.08,22.93,6.2,6.417000000000001,0.45
002767,002767,先锋电子,2015-06-03,2015-06-12,2500,2250,14.87,22.43,1.0,3.719,0.35
300473,300473,德尔股份,2015-06-03,2015-06-12,2500,2250,28.76,22.99,1.0,7.19,0.59
002766,002766,索菱股份,2015-06-03,2015-06-11,4580,4122,7.53,22.82,1.8,3.449,0.32
300476,300476,胜宏科技,2015-06-03,2015-06-11,3667,3300,15.73,22.97,1.4,5.768,0.46
300469,300469,信息发展,2015-06-03,2015-06-11,1670,1503,10.14,22.98,0.6,1.693,0.26
603066,732066,音飞储存,2015-06-03,2015-06-11,2500,2250,12.43,20.98,1.0,3.108,0.26
300479,300479,神思电子,2015-06-03,2015-06-12,2000,1800,11.02,22.96,0.8,2.204,0.28
300472,300472,新元科技,2015-06-03,2015-06-11,1667,1500,11.39,22.99,0.65,1.899,0.35
002760,002760,凤形股份,2015-06-03,2015-06-11,2200,1980,8.31,22.97,0.85,1.828,0.34
300478,300478,杭州高新,2015-06-02,2015-06-10,1667,1500,14.84,22.99,0.55,2.474,0.27
300464,300464,星徽精密,2015-06-02,2015-06-10,2067,1860,10.2,22.67,0.8,2.108,0.28
300477,300477,合纵科技,2015-06-02,2015-06-10,2705,2340,10.61,15.38,1.0,2.76,0.24
300470,300470,日机密封,2015-06-02,2015-06-12,1334,1201,34.6,21.84,0.5,4.617,0.33
002762,002762,金发拉比,2015-06-02,2015-06-10,1700,1530,26.0,18.71,0.65,4.421,0.29
002761,002761,多喜爱,2015-06-02,2015-06-10,3000,2700,7.28,22.75,1.2,2.184,0.23
601368,780368,绿城水务,2015-06-02,2015-06-12,14700,13230,6.43,22.96,4.4,8.801,0.3
002765,002765,蓝黛传动,2015-06-02,2015-06-12,5200,4680,7.67,22.98,2.05,3.6689999999999996,0.29
300475,300475,聚隆科技,2015-06-02,2015-06-10,5000,4500,8.8,13.33,2.0,4.4,0.27
002763,002763,汇洁股份,2015-06-02,2015-06-10,5400,4860,13.1,21.72,2.15,7.077000000000001,0.37
601985,780985,中国核电,2015-06-02,2015-06-10,389100,272370,3.39,22.29,116.7,135.799,1.63
603026,732026,石大胜华,2015-05-21,2015-05-29,5068,4561,6.51,32.55,1.8,3.299,0.3
603918,732918,金桥信息,2015-05-20,2015-05-28,2200,1980,9.5,22.99,0.8,2.09,0.21
603669,732669,灵康药业,2015-05-20,2015-05-28,6500,5850,11.7,22.98,2.6,7.605,0.41
603300,732300,华铁科技,2015-05-20,2015-05-29,5067,4560,8.22,22.98,2.0,4.165,0.37
603901,732901,永创智能,2015-05-20,2015-05-29,2500,2250,15.81,22.91,1.0,3.9530000000000003,0.35
603198,732198,迎驾贡酒,2015-05-20,2015-05-28,8000,7200,11.8,19.4,2.4,9.446,0.7
603568,732568,伟明环保,2015-05-20,2015-05-28,4580,4122,11.27,22.97,1.3,5.162000000000001,0.46
300465,300465,高伟达,2015-05-20,2015-05-28,3334,3001,11.26,22.93,1.2,3.7539999999999996,0.3
300467,300467,迅游科技,2015-05-19,2015-05-27,1000,900,33.75,22.99,0.4,3.375,0.2
300463,300463,迈克生物,2015-05-19,2015-05-28,4650,3375,27.96,22.99,1.85,10.066,0.32
002758,002758,华通医药,2015-05-19,2015-05-27,1400,1260,18.04,22.98,0.55,2.526,0.26
603598,732598,引力传媒,2015-05-19,2015-05-27,3334,3001,7.2,22.96,1.2,2.403,0.17
603023,732023,威帝股份,2015-05-19,2015-05-27,2000,1800,13.25,14.46,0.8,2.65,0.26
300466,300466,赛摩电气,2015-05-19,2015-05-28,2000,1800,10.25,22.99,0.8,2.05,0.31
300462,300462,华铭智能,2015-05-19,2015-05-27,1722,1550,14.25,22.97,0.5,2.454,0.35
002757,002757,南兴装备,2015-05-19,2015-05-27,2734,2461,12.94,22.98,1.05,3.5380000000000003,0.32
603885,732885,吉祥航空,2015-05-19,2015-05-27,6800,6120,11.18,22.98,2.0,7.607,0.31
603108,732108,润达医疗,2015-05-19,2015-05-27,2360,2124,17.0,22.97,0.8,4.012,0.28
300468,300468,四方精创,2015-05-19,2015-05-27,2500,2250,18.76,22.98,1.0,4.69,0.27
002759,002759,天际股份,2015-05-19,2015-05-28,2400,2160,12.02,20.16,0.95,2.886,0.31
300461,300461,田中精机,2015-05-11,2015-05-19,1668,1501,7.92,22.98,0.65,1.321,0.12
603566,732566,普莱柯,2015-05-07,2015-05-18,4000,3600,15.52,18.89,1.6,6.212000000000001,0.51
603989,732989,艾华集团,2015-05-07,2015-05-15,5000,4500,20.74,22.99,2.0,10.370999999999999,0.64
603311,732311,金海环境,2015-05-07,2015-05-18,5250,4725,5.39,22.99,2.1,2.83,0.3
002753,002753,永东股份,2015-05-07,2015-05-19,2470,2223,13.56,22.99,0.95,3.3489999999999998,0.41
603968,732968,醋化股份,2015-05-07,2015-05-18,2556,2300,19.58,22.98,1.0,5.005,0.58
603022,732022,新通联,2015-05-06,2015-05-18,2000,1800,14.31,22.98,0.8,2.862,0.36
300455,300455,康拓红外,2015-05-06,2015-05-15,3500,3150,6.88,18.11,1.4,2.4090000000000003,0.35
300458,300458,全志科技,2015-05-06,2015-05-15,4000,3600,12.73,19.89,1.6,5.093999999999999,0.43
300453,300453,三鑫医疗,2015-05-06,2015-05-15,1986,1787,12.87,22.98,0.75,2.556,0.41
300450,300450,先导智能,2015-05-06,2015-05-18,1700,1530,21.21,22.98,0.65,3.6060000000000003,0.47
002755,002755,东方新星,2015-05-06,2015-05-15,2534,2281,7.49,20.49,1.0,1.8980000000000001,0.32
603718,732718,海利生物,2015-05-06,2015-05-15,7000,6300,6.81,21.28,2.8,4.774,0.31
603227,732227,雪峰科技,2015-05-06,2015-05-15,8235,7412,4.98,22.95,3.2,3.875,0.3
300456,300456,耐威科技,2015-05-06,2015-05-14,2100,1890,14.01,22.98,0.8,2.802,0.39
603355,732355,莱克电气,2015-05-05,2015-05-13,4100,3690,19.08,22.99,1.2,7.8229999999999995,0.4
300460,300460,惠伦晶体,2015-05-05,2015-05-15,4208,3787,6.43,22.96,1.55,2.7060000000000004,0.34
300457,300457,赢合科技,2015-05-05,2015-05-14,1950,1755,12.41,20.34,0.75,2.421,0.33
300452,300452,山河药辅,2015-05-05,2015-05-15,1160,1044,14.96,22.99,0.45,1.736,0.3
300414,300414,中光防雷,2015-05-05,2015-05-13,2107,1896,14.74,13.24,0.8,3.1060000000000003,0.3
603599,732599,广信股份,2015-05-05,2015-05-13,4706,4235,16.11,20.62,1.8,7.581,0.32
300459,300459,金科娱乐,2015-05-05,2015-05-15,2650,2385,7.84,22.97,1.05,2.0780000000000003,0.33
300451,300451,创业软件,2015-05-05,2015-05-14,1700,1530,14.02,22.98,0.65,2.384,0.2
002756,002756,永兴特钢,2015-05-05,2015-05-15,5000,4500,21.74,17.97,2.0,10.872,0.48
300434,300434,金石东方,2015-04-16,2015-04-24,1700,1530,10.57,22.98,0.65,1.475,0.44
300438,300438,鹏辉能源,2015-04-16,2015-04-24,2100,1890,14.87,22.99,0.8,2.782,0.45
002751,002751,易尚展示,2015-04-16,2015-04-24,1756,1580,10.48,22.98,0.65,1.55,0.34
300404,300404,博济医药,2015-04-16,2015-04-24,1667,1500,12.87,22.98,0.65,1.8840000000000001,0.3
300442,300442,普丽盛,2015-04-16,2015-04-24,2500,2250,19.17,22.55,1.0,4.212,0.62
603021,732021,山东华鹏,2015-04-15,2015-04-23,2640,2376,8.73,22.97,1.0,1.9340000000000002,0.47
300441,300441,鲍斯股份,2015-04-15,2015-04-23,2112,1901,9.81,22.81,0.8,1.732,0.68
603315,732315,福鞍股份,2015-04-15,2015-04-24,2500,2250,10.77,22.91,1.0,2.399,0.47
300440,300440,运达科技,2015-04-15,2015-04-23,2800,2520,21.7,22.97,1.1,5.577999999999999,0.61
300437,300437,清水源,2015-04-15,2015-04-23,1670,1503,10.53,19.3,0.6,1.5230000000000001,0.5
300446,300446,乐凯新材,2015-04-15,2015-04-23,1540,1386,8.85,7.11,0.6,1.115,0.46
300444,300444,双杰电气,2015-04-15,2015-04-23,3449,3104,12.13,22.89,1.3,3.698,0.77
603021,732021,山东华鹏,2015-04-15,2015-04-23,2640,2376,8.73,22.97,1.0,1.9340000000000002,0.47
300441,300441,鲍斯股份,2015-04-15,2015-04-23,2112,1901,9.81,22.81,0.8,1.732,0.68
300445,300445,康斯特,2015-04-14,2015-04-24,1020,918,18.12,22.98,0.4,1.5859999999999999,0.52
603818,732818,曲美家居,2015-04-14,2015-04-22,6052,5447,8.98,22.99,2.4,5.078,0.57
603703,732703,盛洋科技,2015-04-14,2015-04-23,2300,2070,11.32,22.98,0.9,2.269,0.45
300439,300439,美康生物,2015-04-14,2015-04-22,2834,2551,27.51,22.98,1.0,7.12,0.6
300443,300443,金雷风电,2015-04-14,2015-04-22,1407,1013,31.94,19.66,0.55,3.34,0.54
603808,732808,歌力思,2015-04-14,2015-04-22,4000,3600,19.16,22.96,1.6,7.282,0.8
603567,732567,珍宝岛,2015-04-14,2015-04-24,6458,5812,23.6,22.91,1.8,14.275,0.83
603025,732025,大豪科技,2015-04-14,2015-04-22,5100,4590,11.17,22.98,1.5,5.183,0.62
300436,300436,广生堂,2015-04-14,2015-04-22,1750,1260,21.47,18.67,0.7,2.588,0.3
002752,002752,昇兴股份,2015-04-14,2015-04-22,6000,5400,5.74,22.96,1.8,3.141,0.53
300447,300447,全信股份,2015-04-14,2015-04-22,2025,1823,12.91,22.3,0.8,2.103,0.43
603883,732883,老百姓,2015-04-14,2015-04-23,6700,6030,16.41,22.52,2.6,10.104,0.54
603789,732789,星光农机,2015-04-14,2015-04-27,5000,4500,11.23,21.19,2.0,4.979,0.66
603318,732318,派思股份,2015-04-14,2015-04-24,3010,2709,6.52,22.97,1.2,1.551,0.32
300424,300424,航新科技,2015-04-14,2015-04-22,3327,2994,11.68,22.9,1.3,3.352,0.43
300449,300449,汉邦高科,2015-04-13,2015-04-22,1770,1593,17.76,22.98,0.7,2.7680000000000002,0.2
300435,300435,中泰股份,2015-03-18,2015-03-26,2000,1800,14.73,18.09,0.8,2.602,0.18
603338,732338,浙江鼎力,2015-03-13,2015-03-25,1625,1463,29.56,21.34,0.6,4.4,0.36
002749,002749,国光股份,2015-03-12,2015-03-20,1875,1350,26.92,16.47,0.75,3.449,0.69
603869,732869,北部湾旅,2015-03-12,2015-03-26,5406,4865,5.03,21.33,2.1,2.47,0.53
603030,732030,全筑股份,2015-03-12,2015-03-20,4000,3600,9.85,22.91,1.6,3.602,0.83
300429,300429,强力新材,2015-03-12,2015-03-24,2000,1800,15.89,18.67,0.8,2.739,0.74
002747,002747,埃斯顿,2015-03-12,2015-03-20,3000,2700,6.8,22.67,1.2,1.704,0.39
603199,732199,九华旅游,2015-03-12,2015-03-26,2768,2491,12.08,20.47,1.0,3.052,0.72
603020,732020,爱普股份,2015-03-12,2015-03-25,4000,3600,20.47,22.61,1.2,7.574,1.16
300431,300431,暴风集团,2015-03-12,2015-03-24,3000,2700,7.14,22.97,1.2,1.666,0.34
002750,002750,龙津药业,2015-03-12,2015-03-24,1675,1508,21.21,22.99,0.65,3.0210000000000004,0.64
603012,732012,创力集团,2015-03-12,2015-03-20,7960,7164,13.56,22.96,3.1,10.072000000000001,1.22
603158,732158,腾龙股份,2015-03-12,2015-03-20,2667,2400,14.53,17.51,1.0,3.375,0.9
600958,730958,东方证券,2015-03-11,2015-03-23,100000,70000,10.03,22.98,30.0,100.3,1.62
300430,300430,诚益通,2015-03-11,2015-03-19,1520,1370,18.91,22.89,0.6,2.465,0.53
002748,002748,世龙实业,2015-03-11,2015-03-19,3000,2700,15.38,22.96,1.2,4.043,0.61
603729,732729,龙韵股份,2015-03-11,2015-03-24,1667,1500,26.61,22.55,0.6,4.01,0.54
300374,300374,恒通科技,2015-03-11,2015-03-19,2434,2191,13.21,22.98,0.95,2.735,0.67
300428,300428,四通新材,2015-03-11,2015-03-19,2020,1818,14.71,22.98,0.8,2.6839999999999997,0.66
601689,780689,拓普集团,2015-03-11,2015-03-19,12910,11619,11.37,19.81,3.8,13.925,1.14
603268,732268,松发股份,2015-03-11,2015-03-19,2200,1980,11.66,22.86,0.8,2.1790000000000003,0.59
600958,730958,东方证券,2015-03-11,2015-03-23,100000,70000,10.03,22.98,30.0,100.3,1.62
300430,300430,诚益通,2015-03-11,2015-03-19,1520,1370,18.91,22.89,0.6,2.465,0.53
300433,300433,蓝思科技,2015-03-10,2015-03-18,6736,6062,22.99,22.98,1.9,15.064,0.66
603997,732997,继峰股份,2015-02-12,2015-03-02,6000,5400,7.97,18.98,1.8,4.396,0.46
603828,732828,柯利达,2015-02-11,2015-02-26,3000,2700,17.2,21.5,1.2,4.7330000000000005,0.96
603015,732015,弘讯科技,2015-02-11,2015-03-03,5010,4509,10.6,22.97,2.0,4.793,0.71
603969,732969,银龙股份,2015-02-11,2015-02-27,5000,4500,13.79,22.61,2.0,6.353,1.11
002745,002745,木林森,2015-02-10,2015-02-17,4450,4005,21.5,22.83,1.25,8.763,1.14
300421,300421,力星股份,2015-02-10,2015-02-17,2800,2520,9.13,22.83,1.1,2.2880000000000003,0.89
603309,732309,维力医疗,2015-02-10,2015-03-02,2500,2250,15.4,22.87,1.0,3.472,0.61
002743,002743,富煌钢构,2015-02-10,2015-02-17,3034,2731,7.22,22.91,1.2,2.404,0.77
300427,300427,红相电力,2015-02-10,2015-02-17,2217,1995,10.46,18.34,0.85,2.32,0.96
300423,300423,鲁亿通,2015-02-10,2015-02-17,2200,1980,10.3,22.89,0.85,1.902,0.9
300420,300420,五洋科技,2015-02-10,2015-02-17,2000,1800,8.27,19.23,0.8,1.315,0.68
603939,732939,益丰药房,2015-02-10,2015-02-17,4000,3600,19.47,22.93,1.6,7.257999999999999,0.92
603618,732618,杭电股份,2015-02-10,2015-02-17,5335,4802,11.65,22.84,2.1,5.736000000000001,1.12
603222,732222,济民制药,2015-02-10,2015-02-17,4000,3600,7.36,22.96,1.6,2.511,0.54
601198,780198,东兴证券,2015-02-10,2015-02-26,50000,45000,9.18,22.97,15.0,0.0,1.44
002742,002742,三圣股份,2015-02-10,2015-02-17,2400,2160,20.37,19.59,0.95,4.391,1.05
300426,300426,唐德影视,2015-02-10,2015-02-17,2000,1800,22.83,22.96,0.8,4.183,0.51
300422,300422,博世科,2015-02-10,2015-02-17,1550,1395,10.0,22.97,0.6,1.245,0.58
300394,300394,天孚通信,2015-02-10,2015-02-17,1859,1372,21.41,18.78,0.7,2.8560000000000003,0.61
603898,732898,好莱客,2015-02-10,2015-02-17,2450,2205,19.57,19.0,0.9,4.297,0.91
603118,732118,共进股份,2015-02-10,2015-02-25,7500,6750,11.95,19.27,3.0,8.462,0.93
002741,002741,光华科技,2015-02-09,2015-02-16,3000,2700,12.31,22.8,1.2,3.28,0.4
300425,300425,环能科技,2015-02-09,2015-02-16,1800,1620,15.21,20.28,0.7,2.4419999999999997,0.38
002746,002746,仙坛股份,2015-02-09,2015-02-16,3985,3587,5.28,22.96,1.55,1.722,0.39
